order_id,customer_id,product_id,order_value,purchase_time,rn
1,31867,244,2055.15,2/28/2024 0:06,1
2,22913,171,3176.38,4/6/2024 0:06,1
3,42501,174,1715.73,3/20/2024 0:06,1
4,5950,29,3651.45,6/25/2024 0:06,1
5,10534,189,1942.93,1/7/2024 0:06,1
6,48402,156,4117.54,4/12/2024 0:06,1
7,7850,34,3524.31,4/21/2024 0:06,1
8,42462,94,3009.13,1/21/2024 0:06,1
9,24600,7,793.97,4/8/2024 0:06,1
10,16363,179,545.24,4/21/2024 0:06,1
11,20607,19,4158.87,2/18/2024 0:06,1
12,17627,24,3843.64,5/23/2024 0:06,1
13,19603,180,516.48,6/24/2024 0:06,1
14,21921,11,3992.52,4/18/2024 0:06,1
15,7523,155,1296.14,3/12/2024 0:06,1
17,36903,267,3697.05,5/8/2024 0:06,1
18,15491,24,3639.94,2/23/2024 0:06,1
19,9072,274,3732.75,4/12/2024 0:06,1
20,19570,74,3418.15,1/22/2024 0:06,1
21,27264,33,3327.82,1/9/2024 0:06,1
22,29209,248,4193.38,5/9/2024 0:06,1
23,48589,188,2769.13,5/27/2024 0:06,1
24,2276,269,1691.53,3/12/2024 0:06,1
25,11276,139,3457.6,6/18/2024 0:06,1
26,33465,209,2224.27,2/27/2024 0:06,1
27,39605,6,2312.81,4/11/2024 0:06,1
28,45018,92,1415.4,4/20/2024 0:06,1
29,36285,66,477.48,4/16/2024 0:06,1
30,46469,33,3680.85,2/21/2024 0:06,1
31,48213,213,645.65,1/31/2024 0:06,1
32,40888,240,3920.86,3/18/2024 0:06,1
33,38920,111,4892.96,1/27/2024 0:06,1
34,39880,136,426.52,4/9/2024 0:06,1
36,15782,95,3594.38,2/2/2024 0:06,1
37,6499,62,1090.92,1/28/2024 0:06,1
38,38897,133,1703.31,4/7/2024 0:06,1
39,22548,29,3410.33,4/22/2024 0:06,1
40,10930,72,2537.06,5/29/2024 0:06,1
41,24932,240,3751.12,4/1/2024 0:06,1
42,22612,46,3898.31,4/6/2024 0:06,1
43,36379,133,1463.65,1/12/2024 0:06,1
44,30998,84,1684.42,6/16/2024 0:06,1
45,25643,295,2267.71,2/12/2024 0:06,1
46,47466,263,3428.63,5/22/2024 0:06,1
47,40574,50,2276.28,4/24/2024 0:06,1
48,45202,22,659.87,2/25/2024 0:06,1
49,21666,68,1166.42,3/6/2024 0:06,1
50,8416,114,1489.63,6/27/2024 0:06,1
51,24014,65,1504.06,5/24/2024 0:06,1
52,6620,263,3578.69,6/22/2024 0:06,1
53,44812,192,4704.96,6/21/2024 0:06,1
54,45617,140,3684.84,4/2/2024 0:06,1
55,14433,248,4569.13,5/15/2024 0:06,1
56,386,95,3517.23,4/7/2024 0:06,1
57,5635,291,5024.59,3/17/2024 0:06,1
58,38951,14,4163.49,5/12/2024 0:06,1
59,45089,229,3804.68,4/22/2024 0:06,1
60,17861,117,690.76,4/14/2024 0:06,1
61,11310,82,2122.74,3/10/2024 0:06,1
62,7349,113,4912.68,3/30/2024 0:06,1
63,26855,75,856.13,3/19/2024 0:06,1
64,34801,15,1537.49,6/14/2024 0:06,1
65,30972,19,3889.86,3/22/2024 0:06,1
66,12914,172,4309.18,5/31/2024 0:06,1
67,36640,284,2274,4/12/2024 0:06,1
68,5536,40,4347.05,5/8/2024 0:06,1
69,7732,201,1887.47,5/9/2024 0:06,1
70,11771,274,3735.62,4/4/2024 0:06,1
71,18808,188,3108.12,4/5/2024 0:06,1
72,49620,218,2157.69,1/18/2024 0:06,1
73,46561,237,3841.74,3/8/2024 0:06,1
74,45786,78,3220.75,6/10/2024 0:06,1
75,28588,110,3886.58,2/16/2024 0:06,1
76,33,214,4030.05,5/31/2024 0:06,1
77,48724,12,1279.86,6/4/2024 0:06,1
78,6169,75,762.42,6/20/2024 0:06,1
79,38839,191,2452.89,3/24/2024 0:06,1
80,21570,80,2778,2/9/2024 0:06,1
81,7354,61,1777.84,5/4/2024 0:06,1
83,19258,168,1621.35,6/1/2024 0:06,1
84,30433,296,3471.58,1/17/2024 0:06,1
85,44960,74,3458.86,5/25/2024 0:06,1
86,49975,288,4166.01,1/5/2024 0:06,1
87,2098,93,2632.73,2/20/2024 0:06,1
88,16871,267,3925.22,6/22/2024 0:06,1
89,30726,140,3500.56,2/25/2024 0:06,1
90,48941,162,1076.53,1/3/2024 0:06,1
91,7212,80,2837.28,3/26/2024 0:06,1
92,15737,218,2259.65,3/8/2024 0:06,1
93,10964,120,2751.37,3/18/2024 0:06,1
94,13986,18,3981.9,5/8/2024 0:06,1
95,35277,39,5165.8,4/15/2024 0:06,1
96,11498,283,1492.37,6/29/2024 0:06,1
97,39386,244,2251.65,3/11/2024 0:06,1
98,25390,232,4023.54,2/3/2024 0:06,1
99,20760,13,4449.4,3/26/2024 0:06,1
100,48497,57,648.05,6/6/2024 0:06,1
101,29516,144,1373.03,1/5/2024 0:06,1
102,1883,190,2301.33,3/9/2024 0:06,1
103,45862,188,2894.88,6/21/2024 0:06,1
104,34045,1,1471.43,3/19/2024 0:06,1
105,14048,273,4491.41,6/7/2024 0:06,1
106,30728,99,1642.5,2/7/2024 0:06,1
108,20123,119,1396.77,3/3/2024 0:06,1
109,9531,149,3696.29,1/2/2024 0:06,1
110,27705,291,4767.15,6/10/2024 0:06,1
111,33334,175,4433.46,4/1/2024 0:06,1
112,32769,207,1324.88,5/31/2024 0:06,1
113,22052,210,3052.27,3/13/2024 0:06,1
114,11904,131,1737.52,5/10/2024 0:06,1
115,44345,93,2630.51,6/22/2024 0:06,1
116,41031,141,1795.79,1/6/2024 0:06,1
117,9271,97,3194.22,6/11/2024 0:06,1
118,26950,96,2177.99,3/5/2024 0:06,1
119,36279,82,2161,4/18/2024 0:06,1
120,34581,12,1260.42,2/9/2024 0:06,1
121,20450,30,3446.73,4/24/2024 0:06,1
122,41397,272,2330.28,4/23/2024 0:06,1
123,16321,230,1228.94,5/28/2024 0:06,1
124,7591,4,4239,4/16/2024 0:06,1
125,28632,49,3970.87,3/23/2024 0:06,1
126,15056,25,4398.05,1/19/2024 0:06,1
127,15736,155,1186.56,5/5/2024 0:06,1
128,37106,243,2940.37,2/29/2024 0:06,1
129,11957,249,3189.21,6/3/2024 0:06,1
130,23402,1,1658.81,3/24/2024 0:06,1
131,4535,176,3487.69,2/12/2024 0:06,1
132,14821,222,1225.8,2/9/2024 0:06,1
133,4445,55,3966.77,1/29/2024 0:06,1
134,12561,130,2536.96,5/10/2024 0:06,1
135,19007,132,2937.39,4/8/2024 0:06,1
136,40431,104,2957.3,4/21/2024 0:06,1
137,1073,1,1603.29,4/1/2024 0:06,1
138,21626,266,2003.73,1/1/2024 0:06,1
139,33897,13,4867.68,3/6/2024 0:06,1
140,48859,106,3293.01,4/17/2024 0:06,1
141,26553,204,3571.97,4/26/2024 0:06,1
142,22988,104,2639.57,4/30/2024 0:06,1
143,17733,25,4122.97,5/27/2024 0:06,1
144,42974,238,1228.39,5/3/2024 0:06,1
145,10214,174,1723.58,1/29/2024 0:06,1
146,35975,161,2974.6,3/6/2024 0:06,1
147,38203,252,4403.97,4/30/2024 0:06,1
148,49672,297,3027.77,1/4/2024 0:06,1
149,45888,19,4196.8,1/6/2024 0:06,1
150,15557,105,1425.28,2/18/2024 0:06,1
151,46430,271,1868.37,1/30/2024 0:06,1
152,48971,111,5124.26,4/30/2024 0:06,1
153,33417,132,3399.89,1/16/2024 0:06,1
154,2603,110,3586.61,5/4/2024 0:06,1
155,35816,211,588.73,6/24/2024 0:06,1
156,19292,72,2696.29,6/9/2024 0:06,1
157,554,298,4165.19,6/19/2024 0:06,1
158,45403,61,1760.58,6/11/2024 0:06,1
159,13371,69,3641.46,6/20/2024 0:06,1
160,44466,50,2225.41,2/18/2024 0:06,1
161,12875,114,1608.87,3/22/2024 0:06,1
162,20122,132,3223.84,2/13/2024 0:06,1
163,3028,119,1237.95,5/20/2024 0:06,1
164,42891,190,2388.78,4/2/2024 0:06,1
165,42692,88,788.9,1/11/2024 0:06,1
166,9978,297,2885.84,3/9/2024 0:06,1
167,10713,196,3109.33,1/4/2024 0:06,1
168,12713,185,4823.31,2/1/2024 0:06,1
169,35940,142,3737.93,6/29/2024 0:06,1
170,18053,56,4516.04,4/23/2024 0:06,1
171,22551,62,1041.43,5/9/2024 0:06,1
172,24117,61,1874.34,3/31/2024 0:06,1
173,38974,250,953.3,2/5/2024 0:06,1
174,29227,229,3907.09,5/20/2024 0:06,1
175,37733,149,4237.6,5/8/2024 0:06,1
176,12679,239,772.91,4/30/2024 0:06,1
177,32581,232,3353.15,1/21/2024 0:06,1
178,21108,25,4119.81,6/9/2024 0:06,1
179,34542,143,3013.15,2/13/2024 0:06,1
180,42294,239,855.69,4/8/2024 0:06,1
181,10244,265,2072.67,2/21/2024 0:06,1
182,21049,206,4135.13,4/28/2024 0:06,1
183,29463,102,3855.09,4/19/2024 0:06,1
184,16599,291,4343.97,2/9/2024 0:06,1
185,20807,7,825.71,4/9/2024 0:06,1
186,31005,24,3985.19,3/16/2024 0:06,1
187,38507,46,4005.04,3/13/2024 0:06,1
188,4191,124,1305.61,3/16/2024 0:06,1
189,39340,290,2180.84,6/19/2024 0:06,1
190,77,271,2165.73,5/13/2024 0:06,1
191,5311,54,1514.37,4/24/2024 0:06,1
192,18506,158,3075.62,1/27/2024 0:06,1
193,5652,67,289.14,5/7/2024 0:06,1
194,36829,122,3546.74,4/19/2024 0:06,1
195,12454,38,956.77,2/1/2024 0:06,1
196,46802,193,1697.76,1/8/2024 0:06,1
197,8904,237,3593.09,3/29/2024 0:06,1
198,38407,49,4220.31,1/26/2024 0:06,1
199,12391,132,3294.6,6/4/2024 0:06,1
200,30617,29,3447.9,4/10/2024 0:06,1
201,38098,34,3392.73,5/6/2024 0:06,1
202,8534,147,3584.42,5/15/2024 0:06,1
203,18535,188,2672.84,1/23/2024 0:06,1
204,40558,189,2020.82,3/19/2024 0:06,1
205,4826,285,1613.07,3/13/2024 0:06,1
206,45690,162,1084.31,2/11/2024 0:06,1
207,19600,241,428.81,4/26/2024 0:06,1
208,25699,215,765.91,2/6/2024 0:06,1
209,35092,1,1596.95,5/23/2024 0:06,1
210,5905,158,3680.23,4/25/2024 0:06,1
211,22577,183,2324.59,6/17/2024 0:06,1
212,14731,82,2008.6,1/8/2024 0:06,1
213,36507,255,4565.37,6/1/2024 0:06,1
214,12710,20,3544.23,2/28/2024 0:06,1
215,34046,248,4293.09,6/27/2024 0:06,1
216,10955,214,4482.81,3/7/2024 0:06,1
217,39807,287,2681.11,3/27/2024 0:06,1
218,29475,299,997.22,6/9/2024 0:06,1
219,753,228,3059.58,1/19/2024 0:06,1
220,22508,126,3686.62,2/1/2024 0:06,1
221,41608,188,2795.78,6/16/2024 0:06,1
222,32352,294,1972.09,5/15/2024 0:06,1
223,18481,83,2887.8,1/4/2024 0:06,1
224,23094,242,2957.07,5/21/2024 0:06,1
225,11007,281,2257.55,3/18/2024 0:06,1
226,16091,22,625.97,6/17/2024 0:06,1
227,45578,163,3012.49,6/18/2024 0:06,1
228,40611,42,4537.17,3/23/2024 0:06,1
229,42426,222,1275.41,4/20/2024 0:06,1
230,46866,32,1917.1,5/2/2024 0:06,1
231,2118,129,4611.37,6/1/2024 0:06,1
232,8206,86,587.38,2/21/2024 0:06,1
233,18211,139,3156.04,1/23/2024 0:06,1
234,40499,7,854.25,4/30/2024 0:06,1
235,656,246,2105.29,1/31/2024 0:06,1
236,9245,249,3294.12,2/13/2024 0:06,1
237,28104,78,3428.41,6/23/2024 0:06,1
238,28589,133,1714.79,4/29/2024 0:06,1
239,25887,228,3158.1,1/27/2024 0:06,1
240,27879,236,3883.77,6/20/2024 0:06,1
241,24978,171,2899.08,5/19/2024 0:06,1
242,42961,157,3086.53,3/15/2024 0:06,1
243,348,43,3852,1/4/2024 0:06,1
244,28196,177,2900.71,2/16/2024 0:06,1
245,49790,14,4622.49,5/25/2024 0:06,1
246,19622,115,1019.69,5/10/2024 0:06,1
247,7603,30,3228.02,1/24/2024 0:06,1
248,40298,113,4137.41,3/25/2024 0:06,1
249,9581,35,619.24,6/3/2024 0:06,1
250,7064,164,495.52,4/10/2024 0:06,1
251,44915,101,2047.08,1/28/2024 0:06,1
252,35143,120,2356.72,1/15/2024 0:06,1
253,27170,64,3103.32,3/9/2024 0:06,1
254,28232,88,757.1,3/22/2024 0:06,1
255,35789,211,550.72,3/13/2024 0:06,1
256,4673,20,3166.61,2/4/2024 0:06,1
257,38540,73,584.99,5/25/2024 0:06,1
258,15382,23,1177.83,4/25/2024 0:06,1
259,9419,87,3924.65,3/3/2024 0:06,1
260,9191,237,3725.31,3/12/2024 0:06,1
261,38480,114,1538.86,1/1/2024 0:06,1
262,15160,69,3585.29,3/11/2024 0:06,1
263,21793,106,3639.12,3/2/2024 0:06,1
264,16062,42,4077.41,2/8/2024 0:06,1
265,16423,216,361.37,6/9/2024 0:06,1
266,19831,263,3194.23,3/17/2024 0:06,1
267,17853,240,3592.15,2/28/2024 0:06,1
268,6451,127,4791.99,1/17/2024 0:06,1
269,40890,92,1650.07,6/25/2024 0:06,1
270,7578,277,389.76,3/9/2024 0:06,1
271,30502,150,474.6,1/17/2024 0:06,1
272,9216,129,4830.66,5/9/2024 0:06,1
273,45903,143,2799.75,3/31/2024 0:06,1
274,19379,192,4507.75,5/14/2024 0:06,1
275,36146,60,2062.24,3/24/2024 0:06,1
276,17266,50,2304.48,3/30/2024 0:06,1
277,18750,208,2088.1,1/18/2024 0:06,1
278,5350,101,1966.39,4/2/2024 0:06,1
279,3718,71,2998.38,1/15/2024 0:06,1
280,39113,254,2096.91,2/14/2024 0:06,1
281,36389,157,2904.31,4/17/2024 0:06,1
282,43236,38,1067.63,3/29/2024 0:06,1
283,39301,33,3768.17,5/14/2024 0:06,1
284,14732,72,2866.8,6/16/2024 0:06,1
286,24358,176,2962.19,1/15/2024 0:06,1
287,12628,147,3622.58,1/10/2024 0:06,1
289,20252,50,2411.59,2/14/2024 0:06,1
290,44303,166,1268.22,3/10/2024 0:06,1
291,4851,95,3434.96,4/28/2024 0:06,1
292,35152,232,3358.11,3/24/2024 0:06,1
293,1374,208,2019.33,4/16/2024 0:06,1
294,18443,280,1684.8,2/18/2024 0:06,1
295,28463,52,461.27,5/18/2024 0:06,1
296,930,232,3334.45,3/29/2024 0:06,1
297,39097,82,2037.31,1/1/2024 0:06,1
298,906,178,3505.14,3/14/2024 0:06,1
299,14798,159,3576.1,1/5/2024 0:06,1
300,31628,152,3378.66,6/7/2024 0:06,1
301,44532,210,3241.87,2/5/2024 0:06,1
302,41647,45,4193.49,4/28/2024 0:06,1
303,26188,209,1960.04,4/2/2024 0:06,1
304,16618,109,2710.35,4/16/2024 0:06,1
305,11625,184,1338.83,2/22/2024 0:06,1
306,37126,165,2595.54,5/9/2024 0:06,1
307,8394,51,3531.57,2/26/2024 0:06,1
308,41613,97,3294.41,5/10/2024 0:06,1
309,8213,45,3579.72,5/31/2024 0:06,1
310,20920,48,4529,4/24/2024 0:06,1
311,18329,102,4242.14,4/15/2024 0:06,1
312,47478,279,3305.53,3/17/2024 0:06,1
313,14174,38,976.2,5/23/2024 0:06,1
314,1210,65,1463.45,3/18/2024 0:06,1
315,27924,81,1332.85,4/14/2024 0:06,1
316,4643,272,2245.75,6/1/2024 0:06,1
317,16427,60,2196.04,2/11/2024 0:06,1
318,23479,161,3476.42,4/17/2024 0:06,1
319,7164,115,1145.25,3/18/2024 0:06,1
320,46790,219,3364.02,4/13/2024 0:06,1
321,49385,246,2216.43,6/20/2024 0:06,1
323,26359,57,760.71,3/21/2024 0:06,1
324,49911,253,1690.79,6/6/2024 0:06,1
325,20437,182,3139.61,6/25/2024 0:06,1
326,5332,214,4181.05,5/22/2024 0:06,1
327,20754,7,864.26,1/22/2024 0:06,1
328,8913,233,2127.84,2/28/2024 0:06,1
329,13767,173,3682.86,5/14/2024 0:06,1
330,48855,130,2403.43,1/12/2024 0:06,1
331,1881,22,657.71,3/12/2024 0:06,1
332,8502,82,1974.57,2/11/2024 0:06,1
333,29707,138,1469.73,3/7/2024 0:06,1
334,20714,21,1965.13,1/15/2024 0:06,1
335,41304,289,2632.1,6/29/2024 0:06,1
336,29932,49,4197.97,1/25/2024 0:06,1
337,4719,174,1658.32,5/29/2024 0:06,1
338,11437,88,662.8,4/21/2024 0:06,1
339,9512,184,1237.41,1/4/2024 0:06,1
340,272,297,3374.16,4/13/2024 0:06,1
341,28713,218,2492.68,1/16/2024 0:06,1
342,4593,90,1404.64,2/15/2024 0:06,1
343,41917,185,4414.73,2/7/2024 0:06,1
344,20472,196,3095.72,2/29/2024 0:06,1
345,48882,10,2186.22,5/23/2024 0:06,1
346,811,159,3452.12,1/3/2024 0:06,1
347,33206,249,3538,3/29/2024 0:06,1
348,13364,197,3001.95,2/3/2024 0:06,1
349,4326,245,494.4,2/16/2024 0:06,1
351,4366,163,3048.78,5/11/2024 0:06,1
352,32160,65,1502.77,2/27/2024 0:06,1
353,28682,168,1531.61,4/24/2024 0:06,1
354,29405,274,4391.29,6/13/2024 0:06,1
355,41189,289,3126.76,6/20/2024 0:06,1
356,21628,282,3165.63,2/29/2024 0:06,1
357,21941,13,4490.75,2/19/2024 0:06,1
358,10901,202,5056.06,5/22/2024 0:06,1
359,6560,8,1034.31,2/24/2024 0:06,1
360,18570,277,352.96,4/21/2024 0:06,1
362,20345,34,3388.5,4/5/2024 0:06,1
363,34154,42,4501.66,6/24/2024 0:06,1
364,48341,150,506.38,5/6/2024 0:06,1
365,24559,124,1300.64,3/4/2024 0:06,1
366,12022,250,994.61,3/7/2024 0:06,1
367,37533,203,4120.31,3/27/2024 0:06,1
368,5508,46,3568.57,3/29/2024 0:06,1
369,18777,36,3739.79,1/8/2024 0:06,1
370,1367,41,2946.86,2/2/2024 0:06,1
371,49154,186,2803.55,4/23/2024 0:06,1
372,41235,122,3861.22,2/26/2024 0:06,1
373,16700,65,1388.05,2/23/2024 0:06,1
374,20430,192,4949.7,2/28/2024 0:06,1
375,42011,252,4368.03,1/24/2024 0:06,1
376,10245,158,3332.23,6/27/2024 0:06,1
377,4248,18,4513.36,4/18/2024 0:06,1
378,36855,157,2829.24,3/4/2024 0:06,1
379,44319,52,410.83,4/2/2024 0:06,1
380,42962,207,1324.56,5/19/2024 0:06,1
381,36394,283,1441.33,4/7/2024 0:06,1
382,30503,113,4576.19,2/28/2024 0:06,1
383,46647,245,472.24,6/15/2024 0:06,1
384,1298,113,4659.16,1/28/2024 0:06,1
385,22320,48,4119.88,5/6/2024 0:06,1
386,23158,48,4269.28,6/29/2024 0:06,1
387,6990,152,3758.28,6/16/2024 0:06,1
388,34592,288,4178.47,4/21/2024 0:06,1
389,13899,150,449.1,2/21/2024 0:06,1
390,6855,266,2041.21,4/25/2024 0:06,1
391,5541,132,3202.67,4/24/2024 0:06,1
392,25572,78,3350.61,4/2/2024 0:06,1
393,23794,135,1148.03,1/7/2024 0:06,1
394,18065,65,1523.44,6/5/2024 0:06,1
395,48913,178,2974.21,6/15/2024 0:06,1
396,33569,7,836.25,6/7/2024 0:06,1
397,32150,54,1487.59,1/17/2024 0:06,1
398,41491,31,309.14,6/7/2024 0:06,1
399,21137,176,3562.66,4/13/2024 0:06,1
400,10347,123,3983.05,1/27/2024 0:06,1
401,2428,282,3293.08,1/12/2024 0:06,1
402,30786,279,3341.35,5/23/2024 0:06,1
403,25127,14,4862.18,4/20/2024 0:06,1
404,19057,50,2266.77,3/13/2024 0:06,1
405,447,99,1553.94,6/23/2024 0:06,1
406,24208,266,2242.71,6/20/2024 0:06,1
407,19154,157,2951.64,4/23/2024 0:06,1
408,12158,71,3033.42,6/3/2024 0:06,1
409,30591,188,2748.22,6/5/2024 0:06,1
410,1157,226,5011.24,3/15/2024 0:06,1
411,42773,112,3234.13,5/8/2024 0:06,1
412,31367,176,3404.06,3/7/2024 0:06,1
413,21202,286,2564.62,5/24/2024 0:06,1
414,6716,179,578.82,3/11/2024 0:06,1
415,21112,59,3756.73,6/13/2024 0:06,1
416,8495,244,1903.87,2/1/2024 0:06,1
417,30880,247,4187.99,5/24/2024 0:06,1
418,35064,171,2965.59,1/11/2024 0:06,1
419,10843,146,4726.47,6/9/2024 0:06,1
420,33264,293,4571.98,1/29/2024 0:06,1
421,13616,11,3917.14,1/8/2024 0:06,1
422,15174,92,1483.54,2/13/2024 0:06,1
423,2942,267,3549.77,5/6/2024 0:06,1
424,12916,267,3754.59,5/6/2024 0:06,1
425,21371,34,3464.08,2/4/2024 0:06,1
426,25299,230,1234.92,4/22/2024 0:06,1
427,27328,249,3462.19,5/28/2024 0:06,1
428,9141,179,572.72,5/22/2024 0:06,1
429,4624,32,1909.27,6/21/2024 0:06,1
430,12526,119,1179.05,6/29/2024 0:06,1
431,18672,283,1504.39,6/12/2024 0:06,1
432,39586,59,3577.19,5/9/2024 0:06,1
433,38292,281,2324.26,3/10/2024 0:06,1
434,44803,9,2745.13,1/9/2024 0:06,1
435,7439,271,2174.41,1/12/2024 0:06,1
436,25504,171,2914.02,2/6/2024 0:06,1
437,25030,246,2348.88,3/13/2024 0:06,1
438,15547,183,2486.07,1/31/2024 0:06,1
439,46584,130,2407.9,6/21/2024 0:06,1
440,34836,32,1632.02,3/27/2024 0:06,1
441,49919,190,2189.88,3/8/2024 0:06,1
442,9913,100,3366.24,3/11/2024 0:06,1
443,23708,119,1225.74,4/28/2024 0:06,1
444,4081,163,3154.56,1/4/2024 0:06,1
445,3054,23,1130.86,3/18/2024 0:06,1
446,16713,195,333.09,4/16/2024 0:06,1
447,21327,197,2716.61,1/9/2024 0:06,1
448,34298,130,2208.62,4/8/2024 0:06,1
449,4957,48,4459.28,2/12/2024 0:06,1
450,27906,174,1677.39,6/13/2024 0:06,1
451,42711,10,2175.98,3/16/2024 0:06,1
452,43003,217,1194.58,4/2/2024 0:06,1
453,39159,20,3468.65,4/17/2024 0:06,1
454,33624,125,4860.81,5/3/2024 0:06,1
455,36009,69,3711,4/11/2024 0:06,1
456,33808,293,4794.33,6/23/2024 0:06,1
457,40318,192,4324.87,4/27/2024 0:06,1
458,38563,161,3446.82,4/7/2024 0:06,1
460,26161,33,3335.67,2/2/2024 0:06,1
461,6458,196,2811.68,4/15/2024 0:06,1
462,35316,262,4874.45,5/2/2024 0:06,1
463,6348,286,2444.73,2/14/2024 0:06,1
464,25063,231,2008,5/21/2024 0:06,1
465,32773,14,4485.87,1/29/2024 0:06,1
466,11684,114,1439.4,5/8/2024 0:06,1
467,5719,123,4396.71,4/8/2024 0:06,1
468,40553,47,3604.31,3/9/2024 0:06,1
469,31538,274,3744.65,1/3/2024 0:06,1
470,22918,181,2880.85,2/19/2024 0:06,1
471,16325,287,2776.14,4/7/2024 0:06,1
472,14560,107,1557.29,1/29/2024 0:06,1
473,43052,230,1230.17,1/9/2024 0:06,1
474,48967,287,2741.1,5/14/2024 0:06,1
475,44229,286,2412.77,3/26/2024 0:06,1
476,25125,182,2774.79,4/20/2024 0:06,1
477,38398,293,4723.48,4/20/2024 0:06,1
478,13982,244,2105.37,6/13/2024 0:06,1
479,9120,294,1980.11,1/18/2024 0:06,1
480,35112,58,4527.25,2/16/2024 0:06,1
481,15678,1,1567.49,1/2/2024 0:06,1
482,2501,45,4276.87,4/26/2024 0:06,1
483,38836,83,3071.61,6/22/2024 0:06,1
484,8147,70,1245.96,5/13/2024 0:06,1
485,49637,33,3376.13,3/20/2024 0:06,1
486,16667,191,2116.8,5/5/2024 0:06,1
487,8333,140,3512.25,4/12/2024 0:06,1
488,539,265,1930.45,6/16/2024 0:06,1
489,11074,45,3768.84,4/3/2024 0:06,1
490,15637,186,3215.6,2/1/2024 0:06,1
491,9737,278,3681.84,2/7/2024 0:06,1
492,17794,296,3535.78,6/10/2024 0:06,1
493,44575,207,1183.69,6/3/2024 0:06,1
494,48226,221,5073.39,4/21/2024 0:06,1
495,17384,205,2538.65,4/29/2024 0:06,1
496,16632,94,3028.38,2/2/2024 0:06,1
497,48810,211,552.68,3/31/2024 0:06,1
498,10858,170,4667.35,3/28/2024 0:06,1
499,19423,79,3100.94,5/29/2024 0:06,1
500,29189,258,4499.28,5/16/2024 0:06,1
501,1352,192,4447.08,4/13/2024 0:06,1
502,37316,231,1898.35,2/19/2024 0:06,1
503,28455,262,4972.36,5/9/2024 0:06,1
504,5991,48,4579.16,4/26/2024 0:06,1
505,48980,289,2698.6,4/12/2024 0:06,1
506,32682,118,884.94,3/20/2024 0:06,1
507,16964,285,1689.1,1/19/2024 0:06,1
508,42250,266,2187.61,6/14/2024 0:06,1
509,34289,241,429.86,5/17/2024 0:06,1
510,25405,129,4720.45,4/30/2024 0:06,1
511,47049,275,1215.98,4/17/2024 0:06,1
512,43272,216,351.69,5/1/2024 0:06,1
513,36993,177,2878.04,4/16/2024 0:06,1
514,28706,191,2173.34,4/13/2024 0:06,1
515,42419,243,3339.72,1/22/2024 0:06,1
516,30132,25,4211.73,5/19/2024 0:06,1
517,13796,293,4416.23,2/16/2024 0:06,1
518,22892,13,4456.45,1/17/2024 0:06,1
520,22206,296,3497.15,5/28/2024 0:06,1
521,48948,2,1412.24,1/5/2024 0:06,1
522,18023,136,454.95,2/25/2024 0:06,1
523,21339,42,4374.01,3/21/2024 0:06,1
524,2717,45,4202.04,1/23/2024 0:06,1
525,38602,105,1543.01,5/8/2024 0:06,1
526,15851,158,3479.34,1/5/2024 0:06,1
527,8096,112,3518.92,1/23/2024 0:06,1
528,29607,243,3121.31,3/17/2024 0:06,1
529,42189,95,4115.67,4/8/2024 0:06,1
530,48230,92,1491.81,4/15/2024 0:06,1
531,40901,54,1602.26,4/24/2024 0:06,1
532,5756,289,2957.51,5/20/2024 0:06,1
533,29912,26,3521.86,1/11/2024 0:06,1
534,48984,131,1777.06,5/8/2024 0:06,1
535,18177,257,4146.04,5/30/2024 0:06,1
536,23486,64,3145.35,1/2/2024 0:06,1
537,7270,241,429.28,2/28/2024 0:06,1
538,26127,110,3888.68,2/4/2024 0:06,1
539,14568,227,3955.35,6/3/2024 0:06,1
540,7517,17,3027.91,6/11/2024 0:06,1
541,37577,237,3785.03,4/4/2024 0:06,1
542,17701,246,2111.82,3/10/2024 0:06,1
543,235,271,2002.62,6/17/2024 0:06,1
544,15611,298,3644.63,3/20/2024 0:06,1
545,31292,90,1473.59,6/23/2024 0:06,1
546,13985,291,4884.04,3/11/2024 0:06,1
547,27455,193,1932.41,3/10/2024 0:06,1
548,28313,197,2721.9,3/9/2024 0:06,1
549,20805,6,2727.93,3/25/2024 0:06,1
550,22419,194,2887.85,4/5/2024 0:06,1
551,4440,9,2677.53,3/30/2024 0:06,1
552,46819,286,2677.88,6/1/2024 0:06,1
553,16987,292,1033.25,4/17/2024 0:06,1
554,42290,133,1525.88,2/27/2024 0:06,1
555,129,85,1723.83,5/29/2024 0:06,1
556,8663,125,4568.29,3/28/2024 0:06,1
557,10367,173,4062.37,6/20/2024 0:06,1
558,5630,61,1904.74,6/5/2024 0:06,1
559,6312,216,369.91,5/31/2024 0:06,1
560,43727,139,3046.65,6/15/2024 0:06,1
561,705,144,1384.15,3/20/2024 0:06,1
562,38174,207,1241.64,1/27/2024 0:06,1
563,46147,90,1230.63,5/31/2024 0:06,1
564,21452,124,1541.31,4/29/2024 0:06,1
565,19685,44,608.22,4/2/2024 0:06,1
566,10131,96,2369.84,1/3/2024 0:06,1
567,24504,258,4464.21,6/18/2024 0:06,1
568,9089,3,3596.17,2/8/2024 0:06,1
569,2351,53,995.41,3/24/2024 0:06,1
570,31833,82,1950.23,4/10/2024 0:06,1
571,22661,35,559.61,5/28/2024 0:06,1
572,23213,20,3489.78,4/18/2024 0:06,1
573,42623,254,2157.38,3/11/2024 0:06,1
574,17373,203,3758.46,2/20/2024 0:06,1
575,6289,79,3068.51,3/10/2024 0:06,1
576,20638,136,456.32,4/26/2024 0:06,1
577,40362,32,1759.84,6/19/2024 0:06,1
578,24103,234,3477.88,5/14/2024 0:06,1
579,31823,116,4233.22,3/27/2024 0:06,1
580,32441,110,3337.4,2/17/2024 0:06,1
581,742,205,2371.28,1/30/2024 0:06,1
582,24293,245,445.86,6/24/2024 0:06,1
583,36715,141,1983.7,3/8/2024 0:06,1
584,20961,66,525.57,3/16/2024 0:06,1
585,27218,223,2303.66,5/12/2024 0:06,1
586,1208,148,3174.12,2/17/2024 0:06,1
587,21228,10,2243.87,6/18/2024 0:06,1
588,38097,238,1393.41,6/2/2024 0:06,1
589,29404,192,4940.78,4/7/2024 0:06,1
590,25371,64,3329.74,6/20/2024 0:06,1
591,10472,249,3271.76,5/27/2024 0:06,1
592,6915,209,1998.38,5/13/2024 0:06,1
593,36941,172,4714.67,5/26/2024 0:06,1
594,43686,37,2013.41,3/25/2024 0:06,1
595,41509,150,437.32,6/23/2024 0:06,1
596,40275,231,1768.06,6/10/2024 0:06,1
597,30341,210,3140.32,1/24/2024 0:06,1
598,14886,17,3176.05,5/3/2024 0:06,1
599,44540,211,491.36,4/28/2024 0:06,1
600,4672,290,1911.64,4/9/2024 0:06,1
601,43263,278,3946.71,1/23/2024 0:06,1
602,34828,96,2159.44,2/12/2024 0:06,1
603,1014,199,4432.73,1/26/2024 0:06,1
604,5932,248,4423.33,4/11/2024 0:06,1
605,26939,17,3324.17,2/16/2024 0:06,1
606,43251,283,1667.87,5/9/2024 0:06,1
607,2791,292,1068,5/15/2024 0:06,1
608,23203,127,4598.85,3/24/2024 0:06,1
609,17791,8,1188.49,5/11/2024 0:06,1
610,10134,9,3145.27,5/20/2024 0:06,1
611,37407,259,1640.19,4/19/2024 0:06,1
612,30850,189,1798.62,1/11/2024 0:06,1
613,14638,157,2982.5,6/17/2024 0:06,1
614,41047,161,3345.33,6/10/2024 0:06,1
615,29906,154,4182.49,3/29/2024 0:06,1
616,40437,144,1211.85,5/10/2024 0:06,1
617,4896,87,4394.16,4/16/2024 0:06,1
618,34122,156,4350.01,2/27/2024 0:06,1
619,9040,265,2020.55,1/19/2024 0:06,1
620,13342,279,3470.34,2/2/2024 0:06,1
621,14674,54,1462.99,4/22/2024 0:06,1
622,34715,66,478.05,1/2/2024 0:06,1
623,34341,192,4581.87,5/25/2024 0:06,1
624,33224,227,4126.05,4/18/2024 0:06,1
625,29650,18,3954.87,1/1/2024 0:06,1
626,39613,70,1286.23,5/17/2024 0:06,1
627,19819,13,5150.72,1/22/2024 0:06,1
628,9699,273,3901.41,5/20/2024 0:06,1
629,40690,208,2309.99,4/28/2024 0:06,1
630,27479,15,1618.74,3/31/2024 0:06,1
631,23922,205,2368.53,3/29/2024 0:06,1
632,3109,232,3877.37,2/22/2024 0:06,1
633,9420,116,5159.37,4/10/2024 0:06,1
634,1020,109,2738.34,5/23/2024 0:06,1
635,48665,254,2391.29,4/22/2024 0:06,1
636,31091,233,2147.57,1/6/2024 0:06,1
637,14755,183,2253.57,2/29/2024 0:06,1
638,49208,56,5404.7,5/10/2024 0:06,1
639,15068,233,2126.41,3/24/2024 0:06,1
640,32196,142,3520.89,1/8/2024 0:06,1
641,23580,21,1913.55,6/20/2024 0:06,1
642,43422,263,3308.33,2/3/2024 0:06,1
643,10574,30,3378.24,4/13/2024 0:06,1
644,43250,32,1913.42,4/29/2024 0:06,1
645,18277,249,3118.41,2/23/2024 0:06,1
646,41066,227,3841.36,3/10/2024 0:06,1
647,17820,162,1244.7,4/3/2024 0:06,1
648,46520,273,3918.39,3/10/2024 0:06,1
649,25747,232,3610.08,3/3/2024 0:06,1
650,16383,59,4135.07,3/27/2024 0:06,1
651,46855,184,1415.95,5/24/2024 0:06,1
652,47613,190,2428.31,6/29/2024 0:06,1
653,8014,124,1526.85,4/21/2024 0:06,1
654,35213,217,1088.03,1/18/2024 0:06,1
655,29058,131,1946.7,2/18/2024 0:06,1
656,2549,54,1585.6,1/22/2024 0:06,1
657,26206,153,2984.33,4/10/2024 0:06,1
658,8109,178,3035.2,6/24/2024 0:06,1
659,44447,297,2999.97,3/21/2024 0:06,1
660,25876,99,1575.38,4/9/2024 0:06,1
661,37179,218,2476.89,5/17/2024 0:06,1
662,34105,241,420.7,5/31/2024 0:06,1
663,13126,205,2250.65,1/16/2024 0:06,1
664,32713,211,490.89,1/27/2024 0:06,1
665,26757,12,1345.33,6/8/2024 0:06,1
666,26398,240,3641.87,2/25/2024 0:06,1
667,13542,8,1217.52,1/4/2024 0:06,1
668,26952,105,1348.74,6/13/2024 0:06,1
669,17655,27,747.11,4/10/2024 0:06,1
670,17543,192,4846.63,4/22/2024 0:06,1
671,9611,4,4198.6,3/14/2024 0:06,1
673,9428,147,3582.84,4/2/2024 0:06,1
674,316,122,3384.17,2/29/2024 0:06,1
675,21806,136,455.34,1/22/2024 0:06,1
676,38169,274,3838.72,4/25/2024 0:06,1
677,41286,234,3371.43,2/6/2024 0:06,1
678,20024,101,1750.56,6/3/2024 0:06,1
679,29436,238,1318.85,1/10/2024 0:06,1
680,12336,294,1733.35,1/9/2024 0:06,1
681,7828,294,1914.11,4/25/2024 0:06,1
682,49777,251,2296.85,1/15/2024 0:06,1
683,16225,135,1305.86,6/24/2024 0:06,1
684,2561,143,3099.33,1/20/2024 0:06,1
685,41793,186,2831.09,1/5/2024 0:06,1
686,43621,106,3192.81,5/22/2024 0:06,1
687,701,50,2156.82,5/5/2024 0:06,1
688,27304,17,2968.01,2/8/2024 0:06,1
689,17499,300,3083.11,2/24/2024 0:06,1
690,43511,223,2376.73,3/27/2024 0:06,1
691,10306,93,2187.41,1/30/2024 0:06,1
692,29327,181,3238.21,6/17/2024 0:06,1
693,9503,99,1756.02,6/10/2024 0:06,1
694,8873,222,1165.78,4/5/2024 0:06,1
695,22169,101,1894.83,3/5/2024 0:06,1
696,10265,16,3109.05,1/31/2024 0:06,1
697,14995,176,3174.7,3/21/2024 0:06,1
698,1907,71,2922.46,3/22/2024 0:06,1
699,37501,282,3099.18,6/9/2024 0:06,1
700,6384,298,3663.26,2/26/2024 0:06,1
701,48183,48,4181.05,6/24/2024 0:06,1
702,14059,91,1342.43,4/19/2024 0:06,1
703,28408,182,2948.04,2/9/2024 0:06,1
704,48196,88,692.84,4/11/2024 0:06,1
705,20313,282,3175.63,5/29/2024 0:06,1
706,12959,87,4142.52,1/22/2024 0:06,1
707,45663,238,1341.73,3/29/2024 0:06,1
708,6307,54,1697.95,2/21/2024 0:06,1
709,49040,177,2891.37,6/15/2024 0:06,1
710,31519,167,2930.44,1/8/2024 0:06,1
711,38221,31,337.66,4/18/2024 0:06,1
712,65,256,1735.54,3/16/2024 0:06,1
713,33409,81,1350.38,5/31/2024 0:06,1
714,49504,178,3288.64,5/13/2024 0:06,1
715,45122,137,3259.43,3/21/2024 0:06,1
716,48198,185,4416.67,2/2/2024 0:06,1
717,10050,193,1994.24,2/15/2024 0:06,1
718,3454,158,3198.48,4/19/2024 0:06,1
719,1449,39,4515.48,4/27/2024 0:06,1
720,26022,177,3333.64,5/20/2024 0:06,1
721,47001,68,1265.09,1/16/2024 0:06,1
722,609,46,3620.93,4/21/2024 0:06,1
723,40555,143,3075.03,4/29/2024 0:06,1
724,31305,27,762.32,1/1/2024 0:06,1
725,30464,169,702.04,5/1/2024 0:06,1
726,42741,285,1613.56,6/21/2024 0:06,1
727,36089,50,2241.67,5/12/2024 0:06,1
728,13575,131,1940.37,2/1/2024 0:06,1
729,8386,228,3134.09,2/9/2024 0:06,1
730,34364,197,3068.96,2/15/2024 0:06,1
731,30823,123,4240.99,3/11/2024 0:06,1
732,2763,103,3978.52,3/24/2024 0:06,1
733,24187,174,1799.39,3/23/2024 0:06,1
734,31739,58,4044.61,3/11/2024 0:06,1
735,27400,89,3134.59,6/28/2024 0:06,1
736,16820,193,2050.61,6/24/2024 0:06,1
737,39399,45,3658.28,5/2/2024 0:06,1
738,28018,215,804.68,2/28/2024 0:06,1
739,9418,48,3960.02,4/21/2024 0:06,1
740,32922,228,3446.68,1/26/2024 0:06,1
741,6797,228,3508.11,3/27/2024 0:06,1
742,48033,228,3015.22,2/2/2024 0:06,1
743,30418,140,3746.09,5/7/2024 0:06,1
744,44016,202,4959.02,4/27/2024 0:06,1
745,29985,55,3691.81,6/24/2024 0:06,1
746,31262,31,305.51,2/4/2024 0:06,1
747,48632,207,1302.25,5/15/2024 0:06,1
748,16200,98,4286.2,3/8/2024 0:06,1
749,42748,19,4384.95,2/21/2024 0:06,1
750,30813,208,2365.34,2/13/2024 0:06,1
751,32629,127,4870.41,4/7/2024 0:06,1
752,29514,252,4987.21,4/14/2024 0:06,1
753,35654,74,3799.19,6/7/2024 0:06,1
754,23943,197,2672.03,4/29/2024 0:06,1
755,34902,188,3199,3/16/2024 0:06,1
756,36591,65,1339.08,3/21/2024 0:06,1
757,12738,147,3144.13,3/8/2024 0:06,1
758,2440,164,430.85,5/14/2024 0:06,1
759,35030,36,3872.69,2/27/2024 0:06,1
760,6308,75,861.71,1/4/2024 0:06,1
761,28044,220,4023.49,6/29/2024 0:06,1
762,23613,100,3453.05,5/2/2024 0:06,1
763,14310,274,3835.6,6/26/2024 0:06,1
764,12136,242,3001.45,4/7/2024 0:06,1
765,44317,85,2058.68,3/9/2024 0:06,1
766,20224,3,3430.75,3/4/2024 0:06,1
768,16037,39,4876.16,2/13/2024 0:06,1
769,696,149,4023.37,3/27/2024 0:06,1
770,3121,154,4866.54,4/18/2024 0:06,1
771,11346,142,3570.27,2/8/2024 0:06,1
772,17965,217,1228.38,4/25/2024 0:06,1
773,31786,111,4388.16,6/14/2024 0:06,1
774,5705,258,4605.01,4/15/2024 0:06,1
775,28441,53,971.8,6/7/2024 0:06,1
776,12222,21,1815.48,6/25/2024 0:06,1
777,15086,211,506.04,1/14/2024 0:06,1
778,35841,5,3688.8,2/26/2024 0:06,1
779,19484,120,2498.83,3/1/2024 0:06,1
780,36757,220,3593.28,2/3/2024 0:06,1
781,30701,41,2875.04,6/7/2024 0:06,1
782,10461,225,2075.37,6/29/2024 0:06,1
783,23854,23,1166.48,3/3/2024 0:06,1
784,24042,232,3856.05,5/18/2024 0:06,1
785,49540,192,4330.54,6/10/2024 0:06,1
786,37384,51,3951.16,3/19/2024 0:06,1
787,12648,263,3778.34,6/18/2024 0:06,1
788,26019,47,4240.53,5/1/2024 0:06,1
789,37529,95,4022.84,3/17/2024 0:06,1
790,9237,292,1099.47,1/31/2024 0:06,1
791,47427,35,631.55,3/21/2024 0:06,1
792,1510,173,3670.4,5/17/2024 0:06,1
793,11622,174,1569.47,4/20/2024 0:06,1
794,17555,60,2044.01,3/18/2024 0:06,1
795,29467,138,1447.63,3/4/2024 0:06,1
796,49243,265,1790.18,1/9/2024 0:06,1
797,751,11,4223.95,3/8/2024 0:06,1
798,22579,90,1279.23,6/27/2024 0:06,1
799,18062,55,4190.81,6/3/2024 0:06,1
800,48429,15,1570.02,5/24/2024 0:06,1
801,18981,81,1458.86,4/7/2024 0:06,1
802,46987,146,4763.31,3/24/2024 0:06,1
803,771,283,1461.42,2/9/2024 0:06,1
804,48736,245,497.53,1/9/2024 0:06,1
805,23735,55,3996.58,1/25/2024 0:06,1
806,42946,55,4245.28,2/2/2024 0:06,1
807,15508,263,3325.19,3/16/2024 0:06,1
808,4903,179,538.54,4/3/2024 0:06,1
809,14548,76,1401.2,5/6/2024 0:06,1
810,47256,183,2247.74,5/21/2024 0:06,1
811,23683,208,2336.38,6/15/2024 0:06,1
812,38060,216,392.33,1/1/2024 0:06,1
813,48339,36,4076.68,2/7/2024 0:06,1
814,13876,56,4617.1,2/24/2024 0:06,1
815,41448,65,1455.17,3/1/2024 0:06,1
816,28069,68,1236.48,5/6/2024 0:06,1
817,16966,223,2203.36,3/15/2024 0:06,1
818,35052,258,4604.59,3/25/2024 0:06,1
819,35060,4,4623.63,1/7/2024 0:06,1
820,8640,149,4439.48,6/20/2024 0:06,1
821,27273,118,921.09,6/9/2024 0:06,1
822,34478,186,2703.4,3/9/2024 0:06,1
823,43951,228,3584.75,3/2/2024 0:06,1
824,29961,72,2607.59,2/4/2024 0:06,1
825,43749,49,4632.55,6/18/2024 0:06,1
826,13990,230,1188.29,4/1/2024 0:06,1
827,33690,30,3330.96,3/6/2024 0:06,1
828,5805,81,1447.91,6/8/2024 0:06,1
829,19564,222,1157.9,1/4/2024 0:06,1
830,9985,254,2466.07,6/17/2024 0:06,1
831,8292,250,890.95,4/18/2024 0:06,1
832,23067,69,3956.53,3/31/2024 0:06,1
833,48549,141,2127.42,6/13/2024 0:06,1
834,21550,271,2038.42,5/25/2024 0:06,1
835,26295,23,1146.79,2/13/2024 0:06,1
836,16376,282,2982.05,1/15/2024 0:06,1
837,31619,161,3385.7,5/21/2024 0:06,1
838,34590,234,3724.41,1/30/2024 0:06,1
839,44309,91,1316.44,6/4/2024 0:06,1
841,34852,21,1786.09,2/3/2024 0:06,1
842,37809,179,548.25,3/5/2024 0:06,1
843,20038,254,2110.27,3/19/2024 0:06,1
844,26730,278,4128.32,4/21/2024 0:06,1
845,32808,95,3780.49,6/15/2024 0:06,1
846,6236,198,449.41,1/9/2024 0:06,1
847,5981,221,4718.85,3/26/2024 0:06,1
848,29759,79,2655.78,5/7/2024 0:06,1
849,15620,283,1541.85,2/9/2024 0:06,1
850,39708,78,3460.12,4/21/2024 0:06,1
851,5094,242,3242.09,2/26/2024 0:06,1
852,4157,152,3504.01,1/4/2024 0:06,1
853,46145,82,2202.69,4/30/2024 0:06,1
854,30055,46,3688.09,6/8/2024 0:06,1
855,13520,246,1935.54,4/6/2024 0:06,1
856,14603,253,1447.74,1/1/2024 0:06,1
857,24761,250,874.55,5/18/2024 0:06,1
858,20488,7,804.6,6/13/2024 0:06,1
859,37439,1,1685.21,3/11/2024 0:06,1
860,18958,17,3417.99,1/14/2024 0:06,1
861,1503,210,3509.44,6/1/2024 0:06,1
862,17722,74,3803.4,3/28/2024 0:06,1
863,36399,150,505.76,6/10/2024 0:06,1
864,45708,85,1807.21,5/23/2024 0:06,1
865,13999,122,3504.92,5/21/2024 0:06,1
866,6963,278,4012.58,2/12/2024 0:06,1
867,26248,38,1147.44,5/13/2024 0:06,1
868,1714,140,3875.95,5/10/2024 0:06,1
869,36607,73,568.63,5/14/2024 0:06,1
870,18831,212,4149.33,1/6/2024 0:06,1
871,33352,102,4024.31,4/25/2024 0:06,1
872,1785,128,1996.53,2/12/2024 0:06,1
873,19530,96,2271.87,2/3/2024 0:06,1
874,27761,39,4452.89,1/31/2024 0:06,1
875,27075,202,4457.34,6/21/2024 0:06,1
876,18505,75,862.53,3/7/2024 0:06,1
877,36348,81,1464.13,2/21/2024 0:06,1
878,12997,59,4044.54,4/29/2024 0:06,1
879,3873,177,3087.79,2/10/2024 0:06,1
880,19631,83,2582.46,2/26/2024 0:06,1
881,10669,112,3595.62,1/22/2024 0:06,1
882,515,102,4309.92,6/2/2024 0:06,1
883,27877,43,3745.95,1/31/2024 0:06,1
884,36485,44,696.42,1/27/2024 0:06,1
885,17098,28,3275.2,1/15/2024 0:06,1
886,31732,205,2330.87,1/24/2024 0:06,1
887,13902,296,3605.8,3/21/2024 0:06,1
888,13250,185,4168.62,3/7/2024 0:06,1
889,4032,59,3580.05,3/18/2024 0:06,1
890,17089,216,355.13,6/12/2024 0:06,1
891,30820,187,3179.83,3/24/2024 0:06,1
892,36618,246,2249.08,6/9/2024 0:06,1
893,29459,147,3184.8,2/5/2024 0:06,1
894,40374,36,3480.2,6/14/2024 0:06,1
895,40175,247,4040.1,4/25/2024 0:06,1
896,41645,54,1553.92,2/2/2024 0:06,1
897,5265,270,2729.23,4/29/2024 0:06,1
898,26873,116,4678.74,3/24/2024 0:06,1
899,8400,76,1332.69,1/10/2024 0:06,1
900,23441,147,3560.12,6/4/2024 0:06,1
901,32018,71,3409.57,1/29/2024 0:06,1
902,47229,154,4372.03,1/11/2024 0:06,1
903,19376,269,1674.21,5/12/2024 0:06,1
904,33317,47,4236.83,2/13/2024 0:06,1
905,23623,186,2909.93,4/22/2024 0:06,1
906,41711,81,1421.13,6/26/2024 0:06,1
907,35977,144,1398.69,1/1/2024 0:06,1
908,29179,253,1503.3,3/10/2024 0:06,1
909,13447,173,3563.74,2/12/2024 0:06,1
910,47248,217,1067.34,1/15/2024 0:06,1
911,24933,97,3262.27,1/29/2024 0:06,1
912,45538,172,4204.35,4/17/2024 0:06,1
913,467,202,4340.89,1/18/2024 0:06,1
914,48982,101,1835.51,4/7/2024 0:06,1
915,42483,65,1488.49,6/14/2024 0:06,1
916,12490,172,4924.94,6/7/2024 0:06,1
917,26271,57,676.31,2/6/2024 0:06,1
918,36274,35,594.78,3/5/2024 0:06,1
919,24756,206,4637.6,6/12/2024 0:06,1
920,41846,230,1175.21,6/22/2024 0:06,1
921,5402,254,2464.92,4/25/2024 0:06,1
922,344,237,3649.98,4/23/2024 0:06,1
923,35585,87,4332.58,4/1/2024 0:06,1
924,42390,50,2325.93,6/15/2024 0:06,1
925,4709,195,296.83,3/6/2024 0:06,1
926,37261,159,3088.38,4/10/2024 0:06,1
928,48290,220,3797.16,6/5/2024 0:06,1
929,6910,297,3290.4,3/22/2024 0:06,1
930,42184,219,3332.63,3/1/2024 0:06,1
931,14418,218,2200.05,4/17/2024 0:06,1
932,40760,200,1200.78,1/2/2024 0:06,1
933,24043,208,2364.67,6/9/2024 0:06,1
934,4663,276,378.8,5/15/2024 0:06,1
935,9676,243,3230.68,5/16/2024 0:06,1
936,33541,137,3473.82,3/5/2024 0:06,1
937,10808,183,2310.92,4/20/2024 0:06,1
938,49475,135,1262.47,3/10/2024 0:06,1
939,47892,276,381.88,4/23/2024 0:06,1
940,3623,98,3758.07,2/1/2024 0:06,1
941,19191,138,1273.03,5/10/2024 0:06,1
942,40823,285,1573.67,6/18/2024 0:06,1
943,30425,182,2732.69,2/12/2024 0:06,1
945,38293,291,4501.4,6/16/2024 0:06,1
946,34772,182,3078.96,4/18/2024 0:06,1
947,31485,215,796.87,6/27/2024 0:06,1
948,30528,94,3027.43,4/4/2024 0:06,1
949,11066,235,2482.72,2/12/2024 0:06,1
950,29402,135,1348.33,3/25/2024 0:06,1
951,26219,249,3251.8,6/9/2024 0:06,1
952,6976,245,462.35,5/26/2024 0:06,1
953,49708,121,4701.83,4/3/2024 0:06,1
954,45494,292,921.86,3/16/2024 0:06,1
955,40168,138,1439.27,6/3/2024 0:06,1
956,21560,299,1023.81,3/6/2024 0:06,1
957,44522,155,1233.82,5/31/2024 0:06,1
958,35773,266,2155.69,3/2/2024 0:06,1
959,8544,235,2411.3,4/7/2024 0:06,1
960,33150,211,534.11,6/20/2024 0:06,1
961,5249,169,687.91,1/10/2024 0:06,1
962,30919,183,2267.13,5/10/2024 0:06,1
963,48773,170,4642.75,1/29/2024 0:06,1
964,43651,155,1378.39,5/28/2024 0:06,1
965,4829,21,1746.19,3/4/2024 0:06,1
966,29719,83,3053.07,6/12/2024 0:06,1
967,14791,265,1773.07,6/12/2024 0:06,1
968,2292,281,2329.14,3/12/2024 0:06,1
969,43102,297,3352.21,6/6/2024 0:06,1
970,24416,53,880.61,6/27/2024 0:06,1
971,29736,210,3425.86,5/11/2024 0:06,1
972,35754,166,1173.27,6/14/2024 0:06,1
973,8662,104,2994.23,3/13/2024 0:06,1
974,10238,249,3301.06,4/20/2024 0:06,1
975,48315,54,1661.7,2/20/2024 0:06,1
976,15474,175,4095.2,5/16/2024 0:06,1
978,15278,168,1721.03,6/28/2024 0:06,1
979,24352,100,3763.93,4/26/2024 0:06,1
980,23401,274,4207.56,3/16/2024 0:06,1
981,2578,298,3576.4,3/28/2024 0:06,1
982,48061,4,4991.71,3/15/2024 0:06,1
983,20868,103,3811.62,3/19/2024 0:06,1
984,47580,68,1219.58,1/28/2024 0:06,1
985,7915,241,451.66,5/29/2024 0:06,1
986,2097,214,3777.07,2/5/2024 0:06,1
987,5538,120,2536.79,5/14/2024 0:06,1
988,2283,165,2794.62,3/7/2024 0:06,1
989,27435,263,3861.56,4/13/2024 0:06,1
990,27770,210,3166.27,5/19/2024 0:06,1
991,26695,109,2784.49,2/9/2024 0:06,1
992,41543,39,4385.36,5/15/2024 0:06,1
993,1398,69,3883,1/6/2024 0:06,1
994,31294,137,3474.56,6/21/2024 0:06,1
995,41937,102,4045.72,3/22/2024 0:06,1
996,24715,234,3373.16,4/7/2024 0:06,1
997,37059,86,659.94,1/10/2024 0:06,1
998,5189,68,1234.08,2/12/2024 0:06,1
999,27710,165,2632.66,5/20/2024 0:06,1
1000,14500,287,3076.55,6/1/2024 0:06,1
1001,31273,186,2710.92,5/13/2024 0:06,1
1002,43907,214,4135.57,4/22/2024 0:06,1
1003,34669,79,2721.98,5/27/2024 0:06,1
1004,9447,142,3644.06,3/2/2024 0:06,1
1005,14167,76,1390.63,2/23/2024 0:06,1
1006,39782,59,3691.51,2/22/2024 0:06,1
1007,14840,135,1256.16,3/31/2024 0:06,1
1008,36430,286,2530.14,4/21/2024 0:06,1
1009,31565,273,4169.31,6/20/2024 0:06,1
1010,19780,150,499.81,3/17/2024 0:06,1
1011,32890,164,507.03,3/21/2024 0:06,1
1012,23653,166,1142.41,5/14/2024 0:06,1
1013,11143,97,3633.49,3/30/2024 0:06,1
1014,34431,65,1364.79,2/26/2024 0:06,1
1015,21832,62,1068.96,5/22/2024 0:06,1
1016,26926,261,1398.86,1/9/2024 0:06,1
1017,32656,84,1823.19,1/3/2024 0:06,1
1018,8841,56,4560.27,6/1/2024 0:06,1
1019,13818,20,3440.43,1/23/2024 0:06,1
1020,8177,217,1229.96,6/6/2024 0:06,1
1021,31921,209,2265.71,6/11/2024 0:06,1
1023,43548,239,754.04,1/19/2024 0:06,1
1024,8464,38,1088,1/13/2024 0:06,1
1026,33992,196,2860.69,2/29/2024 0:06,1
1027,17646,227,3659.49,6/21/2024 0:06,1
1028,25927,30,3385.2,4/23/2024 0:06,1
1029,46732,167,2903.59,3/5/2024 0:06,1
1030,37287,88,675.84,5/28/2024 0:06,1
1031,7579,129,4583.63,5/12/2024 0:06,1
1032,38165,268,4055.44,4/6/2024 0:06,1
1033,21729,97,3686.7,1/16/2024 0:06,1
1034,45651,69,3725.41,5/29/2024 0:06,1
1035,44783,227,3454.75,1/18/2024 0:06,1
1036,22338,104,2909.25,3/21/2024 0:06,1
1037,34363,190,2365.51,1/19/2024 0:06,1
1038,43858,32,1610.98,5/12/2024 0:06,1
1039,24691,206,4865.69,3/1/2024 0:06,1
1040,35479,114,1492.89,1/28/2024 0:06,1
1041,21272,197,2798.3,2/8/2024 0:06,1
1042,14860,247,4548.92,6/18/2024 0:06,1
1043,24406,67,329.76,4/29/2024 0:06,1
1044,21812,8,1134.32,1/18/2024 0:06,1
1045,46575,12,1332.93,6/26/2024 0:06,1
1046,36433,150,457.63,3/4/2024 0:06,1
1047,26551,6,2633.99,5/2/2024 0:06,1
1048,43508,251,2397.42,2/17/2024 0:06,1
1049,5095,112,3721.8,2/13/2024 0:06,1
1050,15525,156,4757.09,3/31/2024 0:06,1
1051,21307,176,3561.34,4/13/2024 0:06,1
1052,44114,222,1138.45,4/8/2024 0:06,1
1053,35164,138,1294.25,1/25/2024 0:06,1
1054,40874,111,5029.17,5/11/2024 0:06,1
1055,23122,123,4248.55,2/11/2024 0:06,1
1056,2125,63,3566.46,1/1/2024 0:06,1
1057,870,275,1281.93,6/28/2024 0:06,1
1058,36839,9,2758.69,3/17/2024 0:06,1
1059,38906,258,4085.93,1/30/2024 0:06,1
1060,22341,286,2634.51,6/3/2024 0:06,1
1061,9795,267,3705.86,6/14/2024 0:06,1
1062,49405,229,3669.43,6/17/2024 0:06,1
1063,43336,282,2981.85,6/11/2024 0:06,1
1064,29341,58,4598.27,1/30/2024 0:06,1
1065,4802,295,2129.62,4/11/2024 0:06,1
1066,47690,286,2780.08,3/5/2024 0:06,1
1067,45051,111,5036.13,1/19/2024 0:06,1
1068,7329,224,2468.77,6/8/2024 0:06,1
1069,14426,185,4692,2/5/2024 0:06,1
1070,39344,149,4380.49,5/8/2024 0:06,1
1071,24063,90,1264.99,5/27/2024 0:06,1
1072,47715,226,4803.99,6/3/2024 0:06,1
1073,22384,9,3096.05,2/16/2024 0:06,1
1074,7106,118,890.38,2/15/2024 0:06,1
1075,49126,48,4070.5,6/26/2024 0:06,1
1076,49696,21,1989.19,5/7/2024 0:06,1
1077,16378,172,4442.31,6/29/2024 0:06,1
1078,33004,46,3686.06,6/19/2024 0:06,1
1079,15802,148,3001.64,3/25/2024 0:06,1
1080,3776,245,500.2,2/11/2024 0:06,1
1081,39662,50,2454.87,6/19/2024 0:06,1
1082,43196,121,4222.67,4/1/2024 0:06,1
1083,19592,65,1474.19,6/19/2024 0:06,1
1084,17894,101,2076,6/4/2024 0:06,1
1085,44131,211,522.6,5/11/2024 0:06,1
1086,10471,215,673.47,1/16/2024 0:06,1
1087,20278,227,3547.6,4/18/2024 0:06,1
1088,29400,167,2836.27,6/19/2024 0:06,1
1089,47182,57,644.39,3/15/2024 0:06,1
1090,3447,154,4330.45,4/3/2024 0:06,1
1091,40942,149,3761.72,5/3/2024 0:06,1
1092,20716,27,701.92,5/31/2024 0:06,1
1093,12855,246,2295.98,3/21/2024 0:06,1
1094,48869,24,3595.16,4/6/2024 0:06,1
1095,24317,84,1819.23,3/16/2024 0:06,1
1096,13229,27,842.46,3/16/2024 0:06,1
1097,23142,181,3009.95,2/6/2024 0:06,1
1098,13585,262,4871.09,4/8/2024 0:06,1
1099,9975,146,4661.83,3/10/2024 0:06,1
1100,25950,66,450.94,6/6/2024 0:06,1
1101,5702,189,1949.27,3/4/2024 0:06,1
1102,28428,285,1671.42,6/18/2024 0:06,1
1103,28965,92,1554.99,2/14/2024 0:06,1
1104,4515,241,428.2,1/10/2024 0:06,1
1105,29228,189,2059.07,5/5/2024 0:06,1
1106,26733,78,3850.26,4/5/2024 0:06,1
1107,31579,138,1214.75,6/10/2024 0:06,1
1108,42624,287,2902.71,1/7/2024 0:06,1
1109,4299,209,2303.24,6/23/2024 0:06,1
1110,34807,119,1243.99,6/20/2024 0:06,1
1111,22681,36,3774.96,3/3/2024 0:06,1
1112,46171,207,1281.75,1/2/2024 0:06,1
1113,19167,244,2162.68,5/8/2024 0:06,1
1114,43406,274,4133.89,2/12/2024 0:06,1
1115,37114,155,1272.94,4/11/2024 0:06,1
1116,20035,181,3140.35,3/25/2024 0:06,1
1117,37133,51,3702.69,6/7/2024 0:06,1
1118,40465,187,3565.55,1/11/2024 0:06,1
1119,5898,40,4453.75,1/9/2024 0:06,1
1120,10754,194,2881.65,3/20/2024 0:06,1
1121,39771,198,461.25,2/24/2024 0:06,1
1122,48438,235,2702.86,5/9/2024 0:06,1
1123,28889,146,4470.55,5/18/2024 0:06,1
1124,27283,112,3316.98,2/25/2024 0:06,1
1125,9281,81,1393.83,5/11/2024 0:06,1
1126,10657,258,3938.65,6/6/2024 0:06,1
1127,10878,199,4482.31,2/3/2024 0:06,1
1128,10034,62,1101.86,6/20/2024 0:06,1
1129,10365,135,1354.87,1/27/2024 0:06,1
1130,14793,2,1523.08,1/1/2024 0:06,1
1131,20583,29,3088.41,6/3/2024 0:06,1
1132,6589,80,2729.06,3/28/2024 0:06,1
1133,30175,87,4413.5,2/16/2024 0:06,1
1134,30992,211,522.77,1/5/2024 0:06,1
1135,19260,177,2864.68,1/13/2024 0:06,1
1136,36656,116,4957.12,5/22/2024 0:06,1
1137,12892,212,3692.32,2/17/2024 0:06,1
1138,25055,64,3357.38,6/21/2024 0:06,1
1139,27114,79,3084.38,3/13/2024 0:06,1
1140,12365,58,4027.15,2/4/2024 0:06,1
1141,24283,190,2559.1,6/25/2024 0:06,1
1142,23272,258,4021.01,6/21/2024 0:06,1
1143,33770,276,317.53,1/31/2024 0:06,1
1144,29943,94,2908.9,5/11/2024 0:06,1
1145,12288,219,3469.73,5/14/2024 0:06,1
1146,42912,273,4061,6/11/2024 0:06,1
1147,2929,104,3005.36,2/27/2024 0:06,1
1148,47813,284,2463.56,5/2/2024 0:06,1
1149,2803,286,2569.27,2/20/2024 0:06,1
1150,45235,173,3722.85,6/3/2024 0:06,1
1151,45151,78,3825.18,3/10/2024 0:06,1
1152,31892,298,3905.16,2/20/2024 0:06,1
1153,30029,179,547.97,4/9/2024 0:06,1
1154,11442,275,1309.52,6/10/2024 0:06,1
1155,23337,96,2187.85,4/19/2024 0:06,1
1156,44195,232,3884.05,6/26/2024 0:06,1
1157,32161,201,1711.26,5/25/2024 0:06,1
1158,15264,260,2130.07,1/12/2024 0:06,1
1159,38872,247,4672.29,6/19/2024 0:06,1
1160,4203,13,4990.89,6/2/2024 0:06,1
1161,2249,19,4041.57,6/6/2024 0:06,1
1162,33271,145,4216.1,6/12/2024 0:06,1
1163,12295,296,3986.61,6/8/2024 0:06,1
1164,19787,138,1359.29,2/8/2024 0:06,1
1165,39757,207,1169.5,6/28/2024 0:06,1
1166,5141,295,2207.8,1/31/2024 0:06,1
1167,36949,15,1831.26,1/9/2024 0:06,1
1168,10804,47,4058.17,2/12/2024 0:06,1
1169,37329,36,3604.23,1/2/2024 0:06,1
1170,20000,252,4704.27,3/1/2024 0:06,1
1171,27898,263,3846.57,5/18/2024 0:06,1
1172,37975,118,816.69,6/18/2024 0:06,1
1173,30302,138,1399.52,2/6/2024 0:06,1
1174,462,65,1392.29,6/20/2024 0:06,1
1175,15601,106,3465.37,4/26/2024 0:06,1
1176,26697,289,3002.17,6/7/2024 0:06,1
1177,12072,226,4487.13,4/18/2024 0:06,1
1178,15058,201,1894.98,2/15/2024 0:06,1
1179,2316,99,1803.71,4/24/2024 0:06,1
1180,39659,99,1860.16,6/23/2024 0:06,1
1181,24184,62,1026.8,2/14/2024 0:06,1
1182,2525,245,470.71,1/15/2024 0:06,1
1183,47826,262,4482.45,4/21/2024 0:06,1
1184,42812,237,3771.96,2/21/2024 0:06,1
1185,1360,5,3938.91,5/1/2024 0:06,1
1186,40559,251,2498.88,6/24/2024 0:06,1
1187,16364,128,1911.42,5/2/2024 0:06,1
1188,11533,153,2671.14,1/4/2024 0:06,1
1189,47349,258,3916.99,5/16/2024 0:06,1
1190,21743,262,4568.44,1/19/2024 0:06,1
1191,23372,109,3001.86,5/11/2024 0:06,1
1193,35450,215,804.15,2/24/2024 0:06,1
1194,23346,31,321.26,2/17/2024 0:06,1
1195,11395,213,618.74,5/5/2024 0:06,1
1196,38913,36,3512.42,4/9/2024 0:06,1
1197,35443,107,1629.95,1/25/2024 0:06,1
1198,28473,218,2429.6,2/25/2024 0:06,1
1199,4198,245,532.99,2/19/2024 0:06,1
1200,19342,209,2058.66,3/9/2024 0:06,1
1201,42282,188,2660.32,6/4/2024 0:06,1
1202,18793,227,3462,5/29/2024 0:06,1
1203,39923,104,2821.51,1/2/2024 0:06,1
1204,41934,131,1940.01,6/2/2024 0:06,1
1205,5738,41,2952.81,3/7/2024 0:06,1
1206,19280,183,2424.85,1/16/2024 0:06,1
1207,42681,273,4511.19,1/18/2024 0:06,1
1208,46454,147,3437.15,3/12/2024 0:06,1
1209,26583,103,4306.78,3/14/2024 0:06,1
1210,8738,89,3099.23,2/27/2024 0:06,1
1211,6598,211,566.81,6/12/2024 0:06,1
1212,22830,91,1408.98,3/11/2024 0:06,1
1213,39132,31,297.96,1/29/2024 0:06,1
1214,48604,230,1187.24,3/3/2024 0:06,1
1215,29348,154,4771.63,2/5/2024 0:06,1
1216,31465,190,2263.27,1/5/2024 0:06,1
1217,29542,92,1472.9,6/10/2024 0:06,1
1218,21823,270,2619.82,2/4/2024 0:06,1
1219,32774,93,2297.69,6/23/2024 0:06,1
1221,32370,140,3588.12,3/7/2024 0:06,1
1222,13232,283,1407.84,3/12/2024 0:06,1
1223,1144,34,3314.86,4/29/2024 0:06,1
1224,3746,179,596.98,5/20/2024 0:06,1
1225,40863,198,439.4,3/24/2024 0:06,1
1226,47459,21,1942.93,6/26/2024 0:06,1
1227,30781,282,3066.35,6/12/2024 0:06,1
1228,21455,86,598.45,4/30/2024 0:06,1
1229,41211,162,1137.73,4/19/2024 0:06,1
1230,34435,26,3747.56,3/29/2024 0:06,1
1231,41393,226,4923.31,6/4/2024 0:06,1
1232,25890,189,1909.73,2/16/2024 0:06,1
1233,11070,145,5032.54,6/25/2024 0:06,1
1234,14528,293,4279.43,5/27/2024 0:06,1
1235,30137,7,747.41,1/3/2024 0:06,1
1236,7610,40,4994.4,3/9/2024 0:06,1
1237,1,193,1944.49,4/12/2024 0:06,1
1238,8423,189,1886.47,1/21/2024 0:06,1
1239,18874,33,3635.75,2/1/2024 0:06,1
1240,456,94,2925.35,4/24/2024 0:06,1
1241,45448,104,2585.53,2/23/2024 0:06,1
1242,12205,265,1912.78,6/12/2024 0:06,1
1243,42745,260,2107.78,6/1/2024 0:06,1
1244,33488,84,1880.1,2/29/2024 0:06,1
1245,4249,176,3333.55,4/17/2024 0:06,1
1246,37740,60,2289.92,6/17/2024 0:06,1
1247,8257,124,1542.05,1/7/2024 0:06,1
1248,22106,220,4022.95,6/10/2024 0:06,1
1249,13804,204,3694.25,3/17/2024 0:06,1
1250,47196,263,3439,5/14/2024 0:06,1
1251,27760,91,1417.88,6/8/2024 0:06,1
1252,15134,254,2176.47,3/22/2024 0:06,1
1253,35643,281,2222.82,6/25/2024 0:06,1
1254,22942,214,4100.29,1/28/2024 0:06,1
1255,575,252,4660.54,3/10/2024 0:06,1
1256,40320,153,2539.79,1/28/2024 0:06,1
1257,19733,66,529.98,5/17/2024 0:06,1
1258,39788,236,3810.33,1/5/2024 0:06,1
1259,39282,248,3794.59,1/22/2024 0:06,1
1260,2820,289,3087.94,3/15/2024 0:06,1
1261,25885,171,2892.54,6/7/2024 0:06,1
1262,6118,12,1259.42,6/17/2024 0:06,1
1263,33400,35,546.88,5/25/2024 0:06,1
1264,10455,43,3642.58,3/5/2024 0:06,1
1265,15649,223,2321.72,1/6/2024 0:06,1
1266,29994,2,1571.14,6/27/2024 0:06,1
1267,31124,36,3564.04,6/7/2024 0:06,1
1268,37575,26,3556.23,4/2/2024 0:06,1
1269,1530,138,1418.82,4/23/2024 0:06,1
1270,46725,190,2446.22,5/23/2024 0:06,1
1271,24775,126,4311.21,3/2/2024 0:06,1
1272,29587,82,1844.61,2/25/2024 0:06,1
1274,47629,220,3807.61,3/4/2024 0:06,1
1275,8349,235,2410.12,2/3/2024 0:06,1
1276,20669,210,3291.97,2/17/2024 0:06,1
1277,27680,173,3664.6,3/2/2024 0:06,1
1278,33595,24,3970.29,1/22/2024 0:06,1
1279,7249,74,3713.28,1/29/2024 0:06,1
1280,17226,56,4903.7,2/21/2024 0:06,1
1281,37824,5,3678.28,3/20/2024 0:06,1
1282,47812,198,457.63,6/17/2024 0:06,1
1283,39521,290,2190.35,3/29/2024 0:06,1
1284,48439,77,1510.25,6/21/2024 0:06,1
1285,15784,30,3111.82,6/8/2024 0:06,1
1286,2723,122,3230.38,1/20/2024 0:06,1
1287,8864,62,1001.59,6/24/2024 0:06,1
1288,49087,230,1031.66,5/18/2024 0:06,1
1289,37045,239,753.77,5/14/2024 0:06,1
1290,39146,58,4627.71,5/21/2024 0:06,1
1291,35340,226,4717.76,1/17/2024 0:06,1
1292,37469,47,3645.53,4/4/2024 0:06,1
1293,2553,60,2212.55,2/17/2024 0:06,1
1294,43379,268,4183.79,4/15/2024 0:06,1
1295,23608,145,4771.15,1/8/2024 0:06,1
1296,10250,109,2691.01,6/14/2024 0:06,1
1297,9437,136,405.29,6/16/2024 0:06,1
1298,29089,42,4408.64,4/3/2024 0:06,1
1299,49614,33,3383.96,3/16/2024 0:06,1
1300,6403,13,4572.35,1/6/2024 0:06,1
1301,42240,198,451.22,3/25/2024 0:06,1
1302,13666,154,4624.45,5/18/2024 0:06,1
1303,31148,245,449.58,1/10/2024 0:06,1
1304,24951,119,1337.67,1/12/2024 0:06,1
1305,30520,125,4804.81,2/1/2024 0:06,1
1306,19179,10,2087.95,5/12/2024 0:06,1
1307,18326,252,4996.24,6/20/2024 0:06,1
1308,27602,116,5112.81,6/7/2024 0:06,1
1309,44871,148,3182.23,5/8/2024 0:06,1
1310,27548,253,1533.5,1/30/2024 0:06,1
1311,47610,213,622.17,4/16/2024 0:06,1
1312,24869,76,1229.99,5/5/2024 0:06,1
1313,48667,102,4034.66,3/19/2024 0:06,1
1314,18341,34,3253.85,4/7/2024 0:06,1
1315,12147,122,3488.27,1/25/2024 0:06,1
1316,7435,238,1327.39,1/6/2024 0:06,1
1317,42085,202,5083.51,1/31/2024 0:06,1
1318,41677,29,3580.36,3/19/2024 0:06,1
1319,24765,54,1524.75,5/27/2024 0:06,1
1320,44378,185,4182.22,6/19/2024 0:06,1
1321,47545,294,2004.26,5/19/2024 0:06,1
1322,8065,163,2921.56,6/18/2024 0:06,1
1324,34618,126,3690.29,4/3/2024 0:06,1
1325,17038,164,478,5/16/2024 0:06,1
1326,20730,194,3115.67,1/27/2024 0:06,1
1327,48781,118,814.9,6/28/2024 0:06,1
1328,260,125,5099.1,1/7/2024 0:06,1
1329,30710,223,2071.37,3/9/2024 0:06,1
1330,27863,52,397.39,2/14/2024 0:06,1
1331,36055,99,1662.96,6/9/2024 0:06,1
1332,37050,97,3348.04,3/13/2024 0:06,1
1333,42911,116,4333.87,3/1/2024 0:06,1
1334,21855,14,4098.3,2/12/2024 0:06,1
1335,11665,114,1493.45,5/17/2024 0:06,1
1336,15886,90,1408.91,2/13/2024 0:06,1
1337,31036,142,4221.91,6/11/2024 0:06,1
1338,47848,52,389.3,4/2/2024 0:06,1
1339,2730,154,4643.56,3/20/2024 0:06,1
1340,26257,123,4046.22,2/13/2024 0:06,1
1341,1134,206,4903.79,5/7/2024 0:06,1
1342,30961,230,1098.96,5/17/2024 0:06,1
1343,14123,107,1538.46,1/21/2024 0:06,1
1344,38290,3,3624.2,5/12/2024 0:06,1
1345,23009,144,1186.99,1/9/2024 0:06,1
1346,8747,264,4352.53,4/18/2024 0:06,1
1347,35195,127,4703.74,4/28/2024 0:06,1
1348,43837,191,2112.3,3/12/2024 0:06,1
1349,34156,15,1601.75,3/11/2024 0:06,1
1350,16438,8,1050.68,1/15/2024 0:06,1
1351,3061,276,383.61,3/24/2024 0:06,1
1352,36570,67,333.46,2/3/2024 0:06,1
1353,22602,191,2286.34,3/12/2024 0:06,1
1354,49988,148,3467.35,4/15/2024 0:06,1
1355,18926,234,4043.49,4/15/2024 0:06,1
1356,44377,243,2951.21,2/12/2024 0:06,1
1357,3968,278,4114.63,4/10/2024 0:06,1
1358,8164,81,1438.02,2/21/2024 0:06,1
1359,41478,162,1061.35,4/15/2024 0:06,1
1360,26509,229,3465.54,3/21/2024 0:06,1
1361,2915,34,3613.9,2/23/2024 0:06,1
1362,18620,226,4861.51,5/8/2024 0:06,1
1363,25349,170,5007.02,5/15/2024 0:06,1
1364,2264,30,3254.23,5/12/2024 0:06,1
1365,39374,110,3329.43,6/19/2024 0:06,1
1366,46062,27,705.32,1/30/2024 0:06,1
1367,10810,293,4739.06,6/28/2024 0:06,1
1368,5718,102,3839.13,1/22/2024 0:06,1
1369,32905,194,2796.51,6/18/2024 0:06,1
1370,1972,124,1508.21,2/23/2024 0:06,1
1371,18392,209,2187.23,6/6/2024 0:06,1
1372,27342,135,1192.73,5/12/2024 0:06,1
1373,2126,199,5150.4,3/29/2024 0:06,1
1374,19771,86,644.66,1/26/2024 0:06,1
1375,16201,173,3578.5,6/26/2024 0:06,1
1376,32700,263,3763.89,4/5/2024 0:06,1
1377,46095,1,1596.61,3/7/2024 0:06,1
1378,26523,269,1532.78,5/19/2024 0:06,1
1379,36875,78,3601.65,6/27/2024 0:06,1
1380,29913,160,2810.51,5/23/2024 0:06,1
1381,10907,283,1635.27,6/22/2024 0:06,1
1382,21461,137,3674.69,2/25/2024 0:06,1
1383,40814,89,2897.21,4/30/2024 0:06,1
1384,43719,5,3884.01,5/17/2024 0:06,1
1385,38501,172,4114.43,6/18/2024 0:06,1
1386,34324,32,1708.27,6/10/2024 0:06,1
1387,2037,92,1636.15,6/4/2024 0:06,1
1388,18509,105,1294.54,2/10/2024 0:06,1
1389,31516,249,3286.28,3/16/2024 0:06,1
1390,8819,254,2254.02,4/13/2024 0:06,1
1391,45946,216,352.9,4/17/2024 0:06,1
1392,7510,259,1802.22,6/1/2024 0:06,1
1393,2957,77,1536.22,3/29/2024 0:06,1
1394,23452,158,3070.08,4/10/2024 0:06,1
1395,19906,155,1225.79,5/3/2024 0:06,1
1396,4817,116,5010.5,1/1/2024 0:06,1
1397,8166,174,1738.85,1/27/2024 0:06,1
1398,19860,241,397.2,3/15/2024 0:06,1
1399,16583,157,2809.16,2/25/2024 0:06,1
1400,49957,25,3881.59,4/15/2024 0:06,1
1401,9338,162,1262.91,4/9/2024 0:06,1
1402,39645,206,4163.02,1/2/2024 0:06,1
1403,23301,176,3251.72,3/2/2024 0:06,1
1404,34872,148,3414.81,4/26/2024 0:06,1
1405,24573,114,1699.03,3/21/2024 0:06,1
1406,40401,284,2395.56,1/26/2024 0:06,1
1407,15761,60,2229.23,2/20/2024 0:06,1
1408,38265,56,5280.49,2/16/2024 0:06,1
1409,15384,174,1582.24,6/28/2024 0:06,1
1410,27956,188,2767.12,3/4/2024 0:06,1
1411,44142,56,5102.52,5/14/2024 0:06,1
1412,34497,159,3112.03,5/19/2024 0:06,1
1413,45169,6,2542.82,3/6/2024 0:06,1
1414,6140,31,326.93,1/7/2024 0:06,1
1415,17461,154,4552.27,3/10/2024 0:06,1
1416,30948,30,3361.57,3/6/2024 0:06,1
1417,42956,35,577.42,5/10/2024 0:06,1
1418,8808,275,1106.64,6/4/2024 0:06,1
1419,43722,123,3971.26,5/2/2024 0:06,1
1420,33086,14,4355.53,5/10/2024 0:06,1
1421,19640,104,2935.89,6/25/2024 0:06,1
1422,46387,165,2731.02,1/26/2024 0:06,1
1423,40544,68,1295.02,2/4/2024 0:06,1
1424,38096,268,4156.92,5/21/2024 0:06,1
1425,24305,34,3535.35,2/5/2024 0:06,1
1426,8062,35,555.65,5/1/2024 0:06,1
1427,38426,46,3925.53,3/23/2024 0:06,1
1428,25704,238,1398.29,4/11/2024 0:06,1
1429,20379,158,3192.69,1/11/2024 0:06,1
1430,47751,73,602.09,5/30/2024 0:06,1
1431,11515,49,4303.75,3/11/2024 0:06,1
1432,26845,200,1127.86,5/3/2024 0:06,1
1433,46305,170,4824.94,2/5/2024 0:06,1
1434,36271,271,2028.08,3/24/2024 0:06,1
1435,30209,207,1293.33,6/2/2024 0:06,1
1436,37254,76,1402.11,3/28/2024 0:06,1
1437,32903,58,4636.45,4/2/2024 0:06,1
1438,33832,5,3687.77,1/21/2024 0:06,1
1439,10999,51,3548.29,4/10/2024 0:06,1
1440,43212,56,4855.26,5/12/2024 0:06,1
1441,4028,19,4411.76,4/14/2024 0:06,1
1442,28742,146,4557.1,6/18/2024 0:06,1
1443,49230,152,3724.08,1/22/2024 0:06,1
1444,31012,216,380.34,6/25/2024 0:06,1
1445,49956,241,431.95,5/21/2024 0:06,1
1446,20432,126,4187,2/16/2024 0:06,1
1447,7646,153,2823.65,3/1/2024 0:06,1
1448,2795,117,709.75,3/1/2024 0:06,1
1449,46702,194,2975.91,5/16/2024 0:06,1
1450,6784,58,3956.74,2/14/2024 0:06,1
1451,34861,284,2479.3,6/26/2024 0:06,1
1452,25744,163,3048.15,5/15/2024 0:06,1
1453,5994,186,2830.36,5/24/2024 0:06,1
1454,28309,159,3624.12,3/23/2024 0:06,1
1455,39138,5,3714.35,1/9/2024 0:06,1
1456,47578,116,4808.01,5/12/2024 0:06,1
1457,5404,227,3411.69,5/21/2024 0:06,1
1458,12510,88,675.32,1/12/2024 0:06,1
1459,39267,111,4873.36,4/25/2024 0:06,1
1460,30535,142,3746.8,4/13/2024 0:06,1
1461,5608,169,712.39,3/20/2024 0:06,1
1462,48957,217,1057.19,4/1/2024 0:06,1
1463,19848,109,2723.58,6/24/2024 0:06,1
1464,24853,142,3792.42,5/2/2024 0:06,1
1465,10510,55,4010.14,5/3/2024 0:06,1
1466,37146,78,3697.82,2/9/2024 0:06,1
1467,19958,183,2403.81,1/10/2024 0:06,1
1468,16431,244,2015.87,3/22/2024 0:06,1
1469,26343,94,3030.1,6/3/2024 0:06,1
1470,21903,101,1870.02,5/29/2024 0:06,1
1471,45992,248,4427.29,5/4/2024 0:06,1
1472,49194,91,1425.67,3/4/2024 0:06,1
1473,24355,100,3682.26,4/28/2024 0:06,1
1474,40826,266,2237.39,5/9/2024 0:06,1
1475,29626,180,578.47,3/10/2024 0:06,1
1476,22392,296,3722.29,6/25/2024 0:06,1
1477,12659,86,646.82,1/9/2024 0:06,1
1478,3512,173,3600.28,4/3/2024 0:06,1
1479,34320,203,3827.53,3/20/2024 0:06,1
1480,27153,174,1620.56,5/9/2024 0:06,1
1481,18349,200,1038.31,1/14/2024 0:06,1
1482,43633,213,638.5,1/22/2024 0:06,1
1483,27216,72,2727.26,2/18/2024 0:06,1
1484,8721,97,3264.91,2/22/2024 0:06,1
1485,24945,296,3959.24,3/17/2024 0:06,1
1486,17931,107,1557.59,5/23/2024 0:06,1
1487,26856,197,3060.77,6/19/2024 0:06,1
1488,15893,19,4334.66,5/14/2024 0:06,1
1489,17332,183,2233.08,3/12/2024 0:06,1
1490,31289,135,1160.73,6/29/2024 0:06,1
1491,32393,23,1297.31,3/8/2024 0:06,1
1492,13419,149,4290.55,2/18/2024 0:06,1
1493,49242,98,4170.42,4/16/2024 0:06,1
1494,35013,124,1364.04,6/4/2024 0:06,1
1495,21816,173,3442.62,1/1/2024 0:06,1
1496,49461,165,2661.6,1/20/2024 0:06,1
1497,37691,236,3834.16,2/22/2024 0:06,1
1498,25042,162,1281.88,5/3/2024 0:06,1
1499,10949,85,1779.11,5/26/2024 0:06,1
1500,40085,202,4639.5,3/26/2024 0:06,1
1501,5956,294,2024.35,4/2/2024 0:06,1
1502,47843,159,3518.31,4/29/2024 0:06,1
1503,34076,266,2114.6,5/5/2024 0:06,1
1504,41732,153,2840.45,1/30/2024 0:06,1
1505,536,176,3532.21,1/20/2024 0:06,1
1506,10403,131,1643.99,6/29/2024 0:06,1
1507,46230,275,1241.53,1/31/2024 0:06,1
1508,4580,224,2685.86,5/26/2024 0:06,1
1509,13643,268,4097.83,1/12/2024 0:06,1
1510,45295,114,1594.97,4/24/2024 0:06,1
1511,41758,1,1676.91,6/9/2024 0:06,1
1512,20308,274,3839.45,6/7/2024 0:06,1
1513,1114,235,2582.26,5/1/2024 0:06,1
1514,44870,103,4329.62,3/1/2024 0:06,1
1515,15994,227,3942.63,3/23/2024 0:06,1
1516,47638,153,2502.31,3/11/2024 0:06,1
1517,15167,127,4644.24,1/26/2024 0:06,1
1518,44102,165,2926.83,6/28/2024 0:06,1
1519,16776,143,3247.04,3/3/2024 0:06,1
1520,12218,244,1931.83,5/15/2024 0:06,1
1521,37654,187,3170.37,5/21/2024 0:06,1
1522,47937,7,868.49,1/23/2024 0:06,1
1523,29660,132,2922.54,2/26/2024 0:06,1
1524,982,36,4108.86,1/3/2024 0:06,1
1525,30133,197,2881.14,5/17/2024 0:06,1
1526,5868,244,2037.8,3/7/2024 0:06,1
1527,42221,174,1546.18,3/14/2024 0:06,1
1528,41165,144,1199.32,3/1/2024 0:06,1
1529,34501,285,1568.76,6/5/2024 0:06,1
1530,17930,213,601.49,1/26/2024 0:06,1
1531,41110,201,1723.94,5/13/2024 0:06,1
1532,25177,195,310.14,5/14/2024 0:06,1
1534,16774,144,1161.03,5/31/2024 0:06,1
1535,44899,3,3694.89,2/13/2024 0:06,1
1536,30912,150,423.68,2/7/2024 0:06,1
1537,47816,135,1272.87,3/3/2024 0:06,1
1538,9763,192,4285.02,3/16/2024 0:06,1
1539,44008,227,3796.72,6/20/2024 0:06,1
1541,11463,38,1131.36,2/15/2024 0:06,1
1542,35630,149,3978.18,5/21/2024 0:06,1
1543,19681,152,3261.02,6/25/2024 0:06,1
1544,38777,299,1019.29,2/22/2024 0:06,1
1545,22549,196,3144.56,6/7/2024 0:06,1
1546,10710,140,3903.04,1/26/2024 0:06,1
1547,6345,8,1017.89,5/5/2024 0:06,1
1548,23267,96,2359.33,6/27/2024 0:06,1
1549,41674,296,3830.86,2/5/2024 0:06,1
1550,24055,277,339.79,5/20/2024 0:06,1
1551,7132,51,3655.11,6/10/2024 0:06,1
1552,2443,205,2484.81,2/6/2024 0:06,1
1553,33733,266,2094.18,4/11/2024 0:06,1
1554,7352,251,2511.54,6/2/2024 0:06,1
1555,36308,159,3626.97,6/5/2024 0:06,1
1556,27411,142,3591.55,1/14/2024 0:06,1
1557,12838,12,1424.3,5/14/2024 0:06,1
1558,1354,72,2866.15,4/23/2024 0:06,1
1559,35385,205,2437.37,6/27/2024 0:06,1
1560,958,240,3558.57,6/18/2024 0:06,1
1561,45131,190,2554.78,5/7/2024 0:06,1
1562,17842,217,1088.16,6/26/2024 0:06,1
1563,18821,295,2245.67,1/1/2024 0:06,1
1564,24295,13,4381.04,3/3/2024 0:06,1
1565,26304,143,3151.19,5/16/2024 0:06,1
1566,45460,201,1765.84,5/7/2024 0:06,1
1567,47441,95,3465.02,1/31/2024 0:06,1
1568,3292,186,2646.44,3/24/2024 0:06,1
1569,49359,247,4563.21,2/24/2024 0:06,1
1570,15597,258,3981.08,5/20/2024 0:06,1
1571,9253,191,2507.69,5/3/2024 0:06,1
1572,26800,211,517.54,1/23/2024 0:06,1
1573,45441,86,609.28,1/15/2024 0:06,1
1574,9910,4,4674.67,3/3/2024 0:06,1
1575,42828,297,3404.4,1/9/2024 0:06,1
1576,4474,268,3858.96,1/29/2024 0:06,1
1577,49315,102,4062.82,4/14/2024 0:06,1
1578,12805,169,666.67,1/23/2024 0:06,1
1579,43038,94,2793.3,5/3/2024 0:06,1
1580,30641,290,2183.46,4/3/2024 0:06,1
1581,19561,145,4296.8,4/25/2024 0:06,1
1582,6919,73,628.31,1/28/2024 0:06,1
1583,14328,276,342.2,5/17/2024 0:06,1
1584,36702,2,1587.91,5/5/2024 0:06,1
1585,17822,173,3462.25,4/9/2024 0:06,1
1586,9617,207,1154.38,3/18/2024 0:06,1
1587,34763,275,1257.11,5/15/2024 0:06,1
1588,27452,265,2129.7,1/7/2024 0:06,1
1589,22985,288,4092.86,6/13/2024 0:06,1
1590,5828,300,2822.21,4/29/2024 0:06,1
1591,18081,86,633.06,4/25/2024 0:06,1
1592,45702,201,1969.03,3/12/2024 0:06,1
1593,35207,115,1099.02,4/7/2024 0:06,1
1594,36161,191,2366.28,6/3/2024 0:06,1
1595,12204,262,4306.04,2/9/2024 0:06,1
1596,29110,250,994.03,2/6/2024 0:06,1
1597,38541,249,3122.66,3/24/2024 0:06,1
1598,1105,146,4480.76,3/31/2024 0:06,1
1599,18408,83,2922.11,3/25/2024 0:06,1
1600,34681,164,498.12,1/17/2024 0:06,1
1601,21140,83,3028.83,4/24/2024 0:06,1
1602,36749,191,2344.07,4/23/2024 0:06,1
1603,2852,211,502.45,1/9/2024 0:06,1
1604,18136,33,3313.88,1/24/2024 0:06,1
1605,2991,177,2871.77,2/23/2024 0:06,1
1606,46704,66,532.15,5/31/2024 0:06,1
1607,33752,127,4086.2,2/19/2024 0:06,1
1608,38297,292,1000.5,4/6/2024 0:06,1
1609,159,212,3999.64,3/2/2024 0:06,1
1610,23205,88,792.08,3/2/2024 0:06,1
1611,39524,87,4157.81,5/12/2024 0:06,1
1612,32667,190,2424.38,6/25/2024 0:06,1
1613,22022,277,375.33,1/15/2024 0:06,1
1614,43134,299,943.51,3/12/2024 0:06,1
1615,14692,125,4601.32,2/15/2024 0:06,1
1616,21073,64,2821.61,6/13/2024 0:06,1
1617,46398,128,1931.02,5/13/2024 0:06,1
1618,1187,105,1302.02,6/20/2024 0:06,1
1619,2164,171,3276.09,3/16/2024 0:06,1
1620,36645,300,3282.64,6/11/2024 0:06,1
1621,13273,252,4930.8,2/20/2024 0:06,1
1622,30581,274,3769.16,1/11/2024 0:06,1
1623,37122,45,4046.12,5/26/2024 0:06,1
1624,39152,23,1293.63,4/5/2024 0:06,1
1625,8020,45,3942.69,4/12/2024 0:06,1
1626,7820,128,2153.13,6/5/2024 0:06,1
1627,36569,274,4334.74,5/10/2024 0:06,1
1628,49562,200,1125,4/26/2024 0:06,1
1629,2497,195,343.14,5/12/2024 0:06,1
1630,46170,134,3692.6,4/5/2024 0:06,1
1631,17961,119,1253.19,6/25/2024 0:06,1
1632,41201,100,3343.18,4/24/2024 0:06,1
1633,49666,210,2944.39,1/18/2024 0:06,1
1634,3102,30,3089.24,1/26/2024 0:06,1
1635,1471,31,336.03,6/27/2024 0:06,1
1636,43213,202,5137,4/13/2024 0:06,1
1637,13929,27,718.42,3/20/2024 0:06,1
1638,83,297,3403.05,6/18/2024 0:06,1
1639,20296,287,3180.74,3/21/2024 0:06,1
1640,7362,143,2932.84,3/18/2024 0:06,1
1641,20489,83,3035.36,3/1/2024 0:06,1
1642,12927,253,1539.91,5/6/2024 0:06,1
1643,12560,37,1837.97,1/6/2024 0:06,1
1644,13212,39,4858.73,6/19/2024 0:06,1
1645,49933,216,356.42,6/14/2024 0:06,1
1646,2584,219,3616.89,1/5/2024 0:06,1
1647,25948,238,1356.52,5/11/2024 0:06,1
1648,44713,54,1436.08,2/1/2024 0:06,1
1649,34144,259,1667.12,4/18/2024 0:06,1
1650,44933,9,2836.3,1/21/2024 0:06,1
1651,13653,23,1306.45,4/14/2024 0:06,1
1652,31942,71,3343.13,6/23/2024 0:06,1
1653,32452,34,3732.77,6/27/2024 0:06,1
1654,16832,233,2189.76,2/13/2024 0:06,1
1655,23099,155,1383.12,1/29/2024 0:06,1
1656,9006,124,1434.2,2/6/2024 0:06,1
1657,20635,61,1821.93,4/15/2024 0:06,1
1659,38596,181,2844.16,1/1/2024 0:06,1
1660,22104,121,4682.57,4/5/2024 0:06,1
1662,37585,110,3393.53,3/15/2024 0:06,1
1663,17173,171,3359.77,5/28/2024 0:06,1
1664,4849,72,2678.68,6/15/2024 0:06,1
1665,33247,134,3957.95,1/5/2024 0:06,1
1666,14987,232,3454.84,4/7/2024 0:06,1
1667,19223,289,2913.47,3/17/2024 0:06,1
1668,18352,272,2423.28,3/2/2024 0:06,1
1669,45754,198,426.6,5/1/2024 0:06,1
1670,31627,98,3904.01,3/2/2024 0:06,1
1671,47336,20,3050.37,6/13/2024 0:06,1
1672,19970,43,3534.85,5/11/2024 0:06,1
1673,34401,181,3251.92,2/24/2024 0:06,1
1674,21486,81,1441.72,2/23/2024 0:06,1
1675,25629,282,2877.61,3/30/2024 0:06,1
1676,15010,99,1728.11,3/21/2024 0:06,1
1677,44041,17,3449.94,4/25/2024 0:06,1
1678,22215,188,2639.41,2/17/2024 0:06,1
1679,1659,170,5139.43,4/10/2024 0:06,1
1680,33923,195,328.49,5/8/2024 0:06,1
1681,24660,254,2202.22,4/15/2024 0:06,1
1682,1089,121,4348.66,2/11/2024 0:06,1
1683,19732,69,3766.46,3/4/2024 0:06,1
1684,30761,72,2847.15,3/29/2024 0:06,1
1685,20042,103,4190.6,1/5/2024 0:06,1
1686,2840,24,4128.71,5/23/2024 0:06,1
1687,36010,243,2952.44,3/29/2024 0:06,1
1688,17533,53,878.83,1/25/2024 0:06,1
1689,16246,166,1253.29,6/1/2024 0:06,1
1690,18794,209,2235.74,2/20/2024 0:06,1
1691,7717,257,3905.09,4/3/2024 0:06,1
1692,45062,94,2833.53,1/16/2024 0:06,1
1693,2879,56,4736.06,3/12/2024 0:06,1
1694,36345,47,4064.04,2/7/2024 0:06,1
1695,22772,30,3365.93,1/7/2024 0:06,1
1696,47607,270,2968.92,6/3/2024 0:06,1
1697,26015,282,2736.78,4/18/2024 0:06,1
1698,24144,152,3695.62,6/28/2024 0:06,1
1699,11402,168,1772.96,5/22/2024 0:06,1
1700,28619,274,4241.62,3/16/2024 0:06,1
1701,27889,203,4176.23,3/17/2024 0:06,1
1702,29374,158,3158.26,6/17/2024 0:06,1
1703,22725,73,613.77,5/4/2024 0:06,1
1704,35800,243,3250.77,6/20/2024 0:06,1
1705,44380,99,1559.03,1/28/2024 0:06,1
1706,24925,143,3050.22,1/29/2024 0:06,1
1707,43960,117,683.4,1/16/2024 0:06,1
1708,43581,252,4436.78,2/25/2024 0:06,1
1709,31759,157,2880.72,5/19/2024 0:06,1
1710,33806,156,4247.05,1/22/2024 0:06,1
1711,26547,46,3568.39,2/19/2024 0:06,1
1712,676,59,3580.76,2/6/2024 0:06,1
1713,6457,263,3515.16,3/14/2024 0:06,1
1714,1096,156,3987.19,3/15/2024 0:06,1
1715,34776,229,3368.36,6/16/2024 0:06,1
1716,17291,180,544.55,2/20/2024 0:06,1
1717,9993,15,1672.63,4/9/2024 0:06,1
1718,18407,2,1386.05,6/25/2024 0:06,1
1719,35605,161,3083.86,2/25/2024 0:06,1
1720,20435,60,2081.04,2/23/2024 0:06,1
1721,46299,81,1473.93,2/19/2024 0:06,1
1722,13180,121,4902.28,5/10/2024 0:06,1
1723,49762,22,669.84,6/23/2024 0:06,1
1724,4675,102,3880.92,5/14/2024 0:06,1
1725,20004,231,1943.15,1/2/2024 0:06,1
1726,44311,268,3919.77,3/26/2024 0:06,1
1727,14306,279,3757.95,2/1/2024 0:06,1
1728,33892,101,1865.96,6/27/2024 0:06,1
1729,49939,199,5294.12,1/1/2024 0:06,1
1730,32628,193,1715.9,1/1/2024 0:06,1
1731,22401,79,2756.08,1/24/2024 0:06,1
1732,45101,139,2940.48,6/3/2024 0:06,1
1733,17316,228,3499.23,6/15/2024 0:06,1
1734,25366,1,1721.73,5/18/2024 0:06,1
1735,6903,136,455.03,4/4/2024 0:06,1
1736,11297,174,1646.41,4/15/2024 0:06,1
1737,23262,7,834.98,4/27/2024 0:06,1
1738,7010,267,3371.44,4/15/2024 0:06,1
1739,44052,105,1447.99,2/25/2024 0:06,1
1740,45387,15,1784.35,5/27/2024 0:06,1
1741,2290,99,1604.42,3/18/2024 0:06,1
1742,19268,257,4096.61,1/17/2024 0:06,1
1743,47915,237,3365.29,4/3/2024 0:06,1
1744,30334,148,3360.8,1/14/2024 0:06,1
1745,37376,292,1101.48,4/20/2024 0:06,1
1746,36108,269,1581.4,6/29/2024 0:06,1
1747,44040,256,1717.41,3/27/2024 0:06,1
1748,6877,86,623.93,1/31/2024 0:06,1
1749,42222,279,3698.51,1/25/2024 0:06,1
1750,14989,80,3128.58,3/25/2024 0:06,1
1751,32770,82,2164.06,4/26/2024 0:06,1
1752,26416,160,3207.59,5/25/2024 0:06,1
1753,2360,280,1571.19,5/15/2024 0:06,1
1754,28655,277,393.38,1/24/2024 0:06,1
1755,27428,208,2059.16,5/17/2024 0:06,1
1756,25559,296,3505.85,1/20/2024 0:06,1
1758,47439,197,3189.32,5/9/2024 0:06,1
1759,9684,10,2142.73,2/29/2024 0:06,1
1760,48634,4,4509.31,6/18/2024 0:06,1
1761,37505,130,2539.44,6/21/2024 0:06,1
1762,34952,25,4042.71,4/13/2024 0:06,1
1763,1563,183,2166.38,4/29/2024 0:06,1
1764,11992,213,616.04,3/20/2024 0:06,1
1765,27204,73,585.92,5/24/2024 0:06,1
1766,19512,166,1080.79,1/4/2024 0:06,1
1767,19269,33,3295.9,3/17/2024 0:06,1
1768,49890,245,453.07,3/12/2024 0:06,1
1769,2352,158,3620.64,1/28/2024 0:06,1
1770,48597,159,3621.37,6/4/2024 0:06,1
1772,47470,210,3172.82,2/20/2024 0:06,1
1773,42896,115,1019.07,6/6/2024 0:06,1
1774,5216,15,1850.2,6/26/2024 0:06,1
1775,7965,159,3168.8,4/18/2024 0:06,1
1776,46395,168,1724.88,6/10/2024 0:06,1
1777,5250,162,1162.57,4/25/2024 0:06,1
1778,17160,33,3650.71,3/31/2024 0:06,1
1779,18763,145,4319.38,3/20/2024 0:06,1
1780,32101,212,4437.25,1/29/2024 0:06,1
1781,29680,64,3180.61,2/16/2024 0:06,1
1782,20281,163,2919.95,2/23/2024 0:06,1
1783,846,279,3319.21,4/3/2024 0:06,1
1784,39211,7,841.28,6/22/2024 0:06,1
1785,19380,60,2227.67,4/16/2024 0:06,1
1786,47631,74,3240.51,1/21/2024 0:06,1
1787,30799,201,1853.73,6/29/2024 0:06,1
1788,49572,273,4257,6/2/2024 0:06,1
1789,48389,96,2430.79,2/24/2024 0:06,1
1790,33619,106,3188.52,1/2/2024 0:06,1
1791,16636,17,3242.99,2/26/2024 0:06,1
1792,49159,252,4705.35,3/22/2024 0:06,1
1793,44759,87,3956.45,2/11/2024 0:06,1
1794,1813,215,761.85,2/5/2024 0:06,1
1795,41241,237,3286.14,4/4/2024 0:06,1
1796,27827,59,3955.66,3/27/2024 0:06,1
1797,10292,151,4288.25,5/19/2024 0:06,1
1798,41631,186,3038.59,2/12/2024 0:06,1
1799,17761,44,608.68,3/9/2024 0:06,1
1800,39927,71,3178.02,3/3/2024 0:06,1
1801,3928,270,2655.83,3/15/2024 0:06,1
1802,17104,52,420.07,4/7/2024 0:06,1
1803,26502,199,4690.05,3/29/2024 0:06,1
1804,37221,120,2801.95,3/20/2024 0:06,1
1805,2771,37,2159.06,4/20/2024 0:06,1
1806,519,247,4631.19,5/30/2024 0:06,1
1807,45638,296,4131.37,1/12/2024 0:06,1
1808,35453,202,4889.66,3/29/2024 0:06,1
1809,399,177,2994.06,3/13/2024 0:06,1
1810,29403,278,4229.6,3/29/2024 0:06,1
1811,31260,140,3450.45,4/12/2024 0:06,1
1812,4043,235,2705.81,4/12/2024 0:06,1
1813,7978,212,4208.87,6/26/2024 0:06,1
1814,41967,42,4134.82,2/9/2024 0:06,1
1815,37965,46,3977.48,3/5/2024 0:06,1
1816,520,259,1655.41,2/27/2024 0:06,1
1818,15356,114,1689.61,1/31/2024 0:06,1
1819,29166,145,4695.03,6/1/2024 0:06,1
1820,34648,47,3960.88,3/16/2024 0:06,1
1821,22435,99,1816.55,5/10/2024 0:06,1
1822,24338,296,3561.95,3/17/2024 0:06,1
1823,35293,78,3300.04,5/14/2024 0:06,1
1824,19050,264,4314.05,5/16/2024 0:06,1
1825,45220,216,418.26,5/7/2024 0:06,1
1826,1850,182,3229.21,3/20/2024 0:06,1
1827,19248,168,1575.56,3/18/2024 0:06,1
1828,33858,220,3601.18,6/18/2024 0:06,1
1829,10993,170,4505.25,1/17/2024 0:06,1
1830,10793,263,3666.78,2/6/2024 0:06,1
1831,8922,222,1359.4,6/20/2024 0:06,1
1832,32097,97,3576.21,5/11/2024 0:06,1
1833,231,26,3819.96,1/6/2024 0:06,1
1834,2925,166,1275.29,1/25/2024 0:06,1
1835,25249,119,1242.96,2/7/2024 0:06,1
1837,17615,165,3063.56,1/7/2024 0:06,1
1838,29601,106,3247.2,6/16/2024 0:06,1
1839,48547,193,2006.33,3/5/2024 0:06,1
1840,11335,152,3345.51,4/13/2024 0:06,1
1841,26246,45,4182.62,5/19/2024 0:06,1
1842,43206,219,3183.52,2/6/2024 0:06,1
1843,47035,157,3068.8,6/28/2024 0:06,1
1844,43813,58,4462.34,5/29/2024 0:06,1
1845,27079,213,632.28,3/23/2024 0:06,1
1846,34704,298,3825.12,5/23/2024 0:06,1
1847,22032,14,4689.29,2/26/2024 0:06,1
1848,24281,66,451.8,2/1/2024 0:06,1
1849,19126,209,2017.24,1/8/2024 0:06,1
1850,32377,56,5347.18,4/1/2024 0:06,1
1851,16830,127,4465.77,3/3/2024 0:06,1
1852,11851,134,3670.76,5/4/2024 0:06,1
1853,33193,81,1409.43,1/28/2024 0:06,1
1854,36181,140,3723.33,5/8/2024 0:06,1
1855,758,224,2764.37,3/11/2024 0:06,1
1856,12654,191,2226.33,4/13/2024 0:06,1
1857,49012,16,3396.3,4/25/2024 0:06,1
1858,29206,105,1409.17,1/21/2024 0:06,1
1859,15827,175,4721.92,6/28/2024 0:06,1
1860,45308,251,2405.52,1/26/2024 0:06,1
1861,31133,252,5194.83,1/24/2024 0:06,1
1862,41804,69,3636.9,5/13/2024 0:06,1
1863,16656,10,1981.51,4/25/2024 0:06,1
1864,2479,235,2409.38,3/8/2024 0:06,1
1865,22682,201,1952.18,3/24/2024 0:06,1
1866,21813,64,3065.86,3/2/2024 0:06,1
1867,43088,83,2738.87,4/6/2024 0:06,1
1868,10531,28,3436.8,3/30/2024 0:06,1
1869,21746,148,3513.19,4/2/2024 0:06,1
1870,9651,97,3668.68,3/28/2024 0:06,1
1871,37053,103,4341.4,3/26/2024 0:06,1
1872,46460,106,3373.69,3/19/2024 0:06,1
1873,25550,22,646.6,3/10/2024 0:06,1
1874,13744,160,3057.22,6/10/2024 0:06,1
1875,5967,19,3846.54,5/25/2024 0:06,1
1876,2460,173,3594.79,2/29/2024 0:06,1
1877,26218,92,1513.17,1/29/2024 0:06,1
1878,43125,223,2042.22,5/4/2024 0:06,1
1879,35629,275,1290.9,1/28/2024 0:06,1
1880,27027,282,2872.54,2/16/2024 0:06,1
1881,13309,108,2722.73,4/24/2024 0:06,1
1882,49075,249,2975.33,6/22/2024 0:06,1
1883,1034,118,990.85,4/3/2024 0:06,1
1884,27611,134,4044.91,4/24/2024 0:06,1
1885,19158,160,2772.16,6/8/2024 0:06,1
1886,3768,4,5020.47,1/3/2024 0:06,1
1887,17289,113,4632.46,2/6/2024 0:06,1
1888,41898,167,3122.26,3/16/2024 0:06,1
1889,48845,163,3383.29,4/28/2024 0:06,1
1890,8955,145,4389.86,5/23/2024 0:06,1
1891,12086,41,2828.31,1/14/2024 0:06,1
1892,17324,50,2208.72,2/10/2024 0:06,1
1893,31371,269,1449.74,3/8/2024 0:06,1
1894,45784,253,1606.43,2/7/2024 0:06,1
1895,6353,246,1990.67,5/10/2024 0:06,1
1896,15361,162,1166.93,4/12/2024 0:06,1
1897,35727,143,3205.67,1/31/2024 0:06,1
1898,20347,137,3235.43,2/29/2024 0:06,1
1899,40428,287,2713.57,5/21/2024 0:06,1
1900,35548,59,3517.37,1/29/2024 0:06,1
1901,44606,51,4087.57,2/29/2024 0:06,1
1902,402,134,3950.19,3/3/2024 0:06,1
1903,36469,5,4014.83,3/29/2024 0:06,1
1904,35161,129,4722.84,6/5/2024 0:06,1
1905,25725,13,4827.65,3/25/2024 0:06,1
1906,3727,291,4917.36,4/20/2024 0:06,1
1907,14351,191,2280.59,5/16/2024 0:06,1
1908,11920,123,4498.06,6/2/2024 0:06,1
1909,47858,168,1521.86,5/17/2024 0:06,1
1910,46081,118,932.42,5/1/2024 0:06,1
1911,13497,213,615.27,5/20/2024 0:06,1
1912,17048,45,3599.68,2/19/2024 0:06,1
1913,39004,82,2098.78,5/5/2024 0:06,1
1914,280,61,1887.11,1/17/2024 0:06,1
1915,18518,167,2643.29,3/31/2024 0:06,1
1916,6736,14,4363.4,2/26/2024 0:06,1
1917,21726,121,4235.56,5/7/2024 0:06,1
1918,10567,142,4100.02,1/27/2024 0:06,1
1919,19717,30,3606.29,5/12/2024 0:06,1
1920,27991,210,3003.2,5/10/2024 0:06,1
1922,42615,114,1641.26,4/29/2024 0:06,1
1923,36631,173,3840.51,6/28/2024 0:06,1
1924,40472,81,1304.62,2/10/2024 0:06,1
1925,17214,225,2158.3,4/9/2024 0:06,1
1926,21320,204,3353.51,6/6/2024 0:06,1
1927,47500,244,2217.29,6/11/2024 0:06,1
1928,20666,74,3619.91,4/12/2024 0:06,1
1929,1558,232,3377.08,2/6/2024 0:06,1
1930,28962,138,1326.08,6/7/2024 0:06,1
1931,25285,261,1207.41,4/23/2024 0:06,1
1932,1241,93,2253.3,1/21/2024 0:06,1
1933,30646,9,2766.82,1/27/2024 0:06,1
1934,22395,192,4186.89,6/20/2024 0:06,1
1935,40282,282,3096.41,5/31/2024 0:06,1
1936,36363,82,1971.15,1/11/2024 0:06,1
1937,1185,197,2947.9,1/16/2024 0:06,1
1938,10825,37,2090.08,4/17/2024 0:06,1
1939,43764,161,3078.8,2/11/2024 0:06,1
1940,47305,100,4030.42,4/16/2024 0:06,1
1941,29442,99,1582.89,1/12/2024 0:06,1
1942,11764,189,2063.27,1/9/2024 0:06,1
1943,46551,199,4882.38,4/19/2024 0:06,1
1944,8174,34,3543.67,4/2/2024 0:06,1
1945,43176,57,709.22,1/14/2024 0:06,1
1946,43926,38,1122.87,5/1/2024 0:06,1
1947,2955,13,4289.32,6/17/2024 0:06,1
1948,12311,191,2309.11,1/26/2024 0:06,1
1949,19539,243,3068.12,1/23/2024 0:06,1
1950,38702,258,4068.25,5/10/2024 0:06,1
1951,43751,173,3413.05,5/27/2024 0:06,1
1952,33393,160,2909.53,1/24/2024 0:06,1
1953,7974,131,1814.83,2/2/2024 0:06,1
1954,7403,84,1854.17,3/13/2024 0:06,1
1955,19560,8,1155.67,2/4/2024 0:06,1
1956,27061,70,1377.66,4/22/2024 0:06,1
1957,6780,64,3390.42,2/28/2024 0:06,1
1958,2926,268,4255.68,1/13/2024 0:06,1
1959,33738,244,2128.21,5/10/2024 0:06,1
1960,14155,261,1330.76,3/2/2024 0:06,1
1961,48912,150,450.65,1/23/2024 0:06,1
1962,10820,207,1163.66,3/7/2024 0:06,1
1963,33515,167,2706.33,1/21/2024 0:06,1
1964,15397,149,4040.24,6/15/2024 0:06,1
1965,23997,115,1104.91,1/17/2024 0:06,1
1966,7236,60,2298.45,1/13/2024 0:06,1
1967,44501,95,3882.58,1/19/2024 0:06,1
1968,42470,122,3239.15,2/13/2024 0:06,1
1969,10803,186,2639.88,6/21/2024 0:06,1
1970,11596,163,3210.9,3/13/2024 0:06,1
1971,38121,222,1347.93,2/29/2024 0:06,1
1972,7180,20,3610.96,1/14/2024 0:06,1
1973,33002,30,2988.28,4/18/2024 0:06,1
1974,18185,259,1763.23,1/26/2024 0:06,1
1975,13378,147,3345.7,5/16/2024 0:06,1
1976,18975,194,2761.58,3/12/2024 0:06,1
1977,5495,40,4542.44,2/11/2024 0:06,1
1978,21739,279,3507.51,4/9/2024 0:06,1
1979,19845,208,2006.35,4/23/2024 0:06,1
1980,3820,129,4378.41,6/2/2024 0:06,1
1981,22803,146,4440.82,4/16/2024 0:06,1
1982,4273,5,3870.81,6/28/2024 0:06,1
1983,40119,96,2431.14,6/8/2024 0:06,1
1984,49251,177,3272.04,3/21/2024 0:06,1
1985,43968,62,1089.15,1/22/2024 0:06,1
1986,41392,134,3601.52,3/3/2024 0:06,1
1987,20302,265,2072.76,3/30/2024 0:06,1
1988,10182,280,1793.64,3/21/2024 0:06,1
1989,23375,184,1358.74,5/9/2024 0:06,1
1990,12707,35,549.4,2/24/2024 0:06,1
1991,3800,204,3462.46,1/18/2024 0:06,1
1992,25592,272,2225.27,4/2/2024 0:06,1
1993,27913,285,1682.73,1/28/2024 0:06,1
1994,14211,72,3055.31,5/7/2024 0:06,1
1995,26653,26,3833.71,1/8/2024 0:06,1
1996,31000,269,1488.78,3/22/2024 0:06,1
1997,21173,219,3547.18,6/2/2024 0:06,1
1998,47740,154,4280.25,3/4/2024 0:06,1
1999,21233,64,3331.64,1/27/2024 0:06,1
2000,27604,89,2786.71,4/14/2024 0:06,1
2001,42323,134,4050.31,3/27/2024 0:06,1
2002,41535,199,4996.86,1/1/2024 0:06,1
2003,14454,163,3236.52,2/16/2024 0:06,1
2004,10844,37,1884.3,4/14/2024 0:06,1
2005,38553,120,2426.63,4/20/2024 0:06,1
2006,37281,155,1237.67,3/24/2024 0:06,1
2007,39896,63,3530.16,1/7/2024 0:06,1
2008,11198,167,2765,1/15/2024 0:06,1
2009,5452,159,3154.46,3/16/2024 0:06,1
2010,11808,229,3765.61,6/15/2024 0:06,1
2011,3479,62,1070.09,5/30/2024 0:06,1
2012,30171,165,2886.94,4/6/2024 0:06,1
2013,45547,143,3139.29,3/30/2024 0:06,1
2014,13861,139,3339.31,2/1/2024 0:06,1
2015,22994,52,455.04,3/7/2024 0:06,1
2016,17774,292,1103.03,6/23/2024 0:06,1
2017,34356,261,1364.05,1/4/2024 0:06,1
2018,16512,158,3057.6,5/8/2024 0:06,1
2019,8562,156,4557.41,2/14/2024 0:06,1
2020,11412,199,5092.48,2/24/2024 0:06,1
2021,15565,206,4141.14,6/17/2024 0:06,1
2022,30396,187,3681.04,6/22/2024 0:06,1
2023,30398,230,1151.16,6/21/2024 0:06,1
2024,33350,288,4141.42,3/31/2024 0:06,1
2025,23498,80,3024.43,3/13/2024 0:06,1
2026,36385,210,3318.58,3/30/2024 0:06,1
2027,827,261,1240.34,5/28/2024 0:06,1
2028,5517,223,2314.85,6/13/2024 0:06,1
2029,31967,207,1119.75,4/24/2024 0:06,1
2030,7379,276,340.13,6/23/2024 0:06,1
2031,44528,82,2032.29,3/16/2024 0:06,1
2032,23525,88,702.11,3/22/2024 0:06,1
2033,49317,70,1407.34,2/9/2024 0:06,1
2034,3091,269,1428.21,6/12/2024 0:06,1
2035,49541,228,3281.3,3/9/2024 0:06,1
2036,19850,74,3203.65,1/22/2024 0:06,1
2037,18376,32,1894.3,2/21/2024 0:06,1
2038,19598,70,1286.17,1/4/2024 0:06,1
2039,37787,127,4441.64,3/25/2024 0:06,1
2040,14664,142,3948.66,6/1/2024 0:06,1
2041,32230,223,2184.82,2/6/2024 0:06,1
2042,31399,246,2049.83,5/10/2024 0:06,1
2043,38470,35,626.81,6/18/2024 0:06,1
2044,35158,181,2800.99,1/19/2024 0:06,1
2045,12901,54,1724.72,3/20/2024 0:06,1
2046,14007,242,2801.4,2/7/2024 0:06,1
2047,6791,132,3352.08,2/4/2024 0:06,1
2048,2916,13,4984.12,4/5/2024 0:06,1
2049,11314,184,1418.19,5/6/2024 0:06,1
2050,12363,296,3772.15,1/9/2024 0:06,1
2051,44624,224,2954.55,4/9/2024 0:06,1
2052,32839,44,695.56,1/10/2024 0:06,1
2053,10433,51,3960.57,6/4/2024 0:06,1
2054,33331,94,2924.73,2/6/2024 0:06,1
2055,39486,171,2878.56,1/3/2024 0:06,1
2056,7568,215,800.04,6/16/2024 0:06,1
2057,32202,180,541.43,2/21/2024 0:06,1
2058,16648,41,2829.33,5/25/2024 0:06,1
2059,18800,192,4888.74,2/1/2024 0:06,1
2060,47162,53,1042.94,3/29/2024 0:06,1
2061,49298,6,2527.18,5/28/2024 0:06,1
2062,33188,193,1797.45,5/14/2024 0:06,1
2063,43209,28,3493.25,4/29/2024 0:06,1
2064,10998,188,3056.76,2/24/2024 0:06,1
2065,45489,138,1246.17,1/20/2024 0:06,1
2066,2247,243,3142.18,3/14/2024 0:06,1
2067,21814,81,1452.92,1/14/2024 0:06,1
2068,820,86,667.91,6/16/2024 0:06,1
2069,33727,103,3844.49,3/23/2024 0:06,1
2070,24059,112,3494.26,6/13/2024 0:06,1
2071,29310,73,584.15,1/5/2024 0:06,1
2072,36658,32,1730.44,1/25/2024 0:06,1
2073,26389,165,2715.53,3/4/2024 0:06,1
2074,31551,228,3027.2,1/14/2024 0:06,1
2075,8707,11,4036.51,2/1/2024 0:06,1
2076,12849,294,1869.27,2/1/2024 0:06,1
2077,12243,85,1813.89,6/3/2024 0:06,1
2078,13749,77,1562.38,4/2/2024 0:06,1
2079,31998,241,402.05,3/6/2024 0:06,1
2080,5675,228,3193.82,5/25/2024 0:06,1
2081,36938,49,4181.98,2/22/2024 0:06,1
2082,25929,261,1337.42,6/22/2024 0:06,1
2083,35956,299,1002.15,6/14/2024 0:06,1
2084,25809,245,502.18,5/24/2024 0:06,1
2085,5999,32,1700.31,1/18/2024 0:06,1
2086,5553,35,590.67,1/10/2024 0:06,1
2087,46316,156,4491.66,2/1/2024 0:06,1
2088,39876,30,3468.55,1/13/2024 0:06,1
2089,42640,235,2604.24,6/3/2024 0:06,1
2090,16649,238,1291.09,2/5/2024 0:06,1
2091,29106,138,1392.29,3/23/2024 0:06,1
2092,26598,62,1020.43,4/27/2024 0:06,1
2093,8750,26,3718.33,3/7/2024 0:06,1
2094,2015,113,4809.63,5/10/2024 0:06,1
2095,36400,112,3365.48,6/17/2024 0:06,1
2096,11603,30,3285.87,2/8/2024 0:06,1
2097,583,155,1367.72,4/23/2024 0:06,1
2098,40656,53,926.47,4/29/2024 0:06,1
2099,37933,124,1531.46,3/26/2024 0:06,1
2100,39232,100,3777.94,3/6/2024 0:06,1
2101,25828,178,3276.03,3/11/2024 0:06,1
2102,14490,3,3368.01,2/2/2024 0:06,1
2103,11376,244,2227.19,3/29/2024 0:06,1
2104,38857,293,4796.18,6/8/2024 0:06,1
2105,18106,58,4632.65,1/4/2024 0:06,1
2106,28016,229,3368.22,3/6/2024 0:06,1
2107,49327,232,3832.46,5/2/2024 0:06,1
2108,12930,73,639.15,3/1/2024 0:06,1
2109,45843,96,2399.21,1/21/2024 0:06,1
2110,41751,63,4026.03,3/12/2024 0:06,1
2111,35649,159,3436.09,5/5/2024 0:06,1
2112,9077,108,2788.29,6/10/2024 0:06,1
2113,10293,178,3420.12,1/7/2024 0:06,1
2114,5537,288,4389.68,3/8/2024 0:06,1
2115,25409,50,2260.32,6/12/2024 0:06,1
2116,6957,232,3390.86,4/6/2024 0:06,1
2117,42100,99,1718.87,4/11/2024 0:06,1
2118,34437,192,4929.35,2/27/2024 0:06,1
2119,32417,87,3737.41,1/2/2024 0:06,1
2120,40571,247,4867.72,4/24/2024 0:06,1
2121,6431,71,3308.11,5/5/2024 0:06,1
2122,13710,72,2719.04,2/26/2024 0:06,1
2123,47362,17,3361.51,6/7/2024 0:06,1
2124,21412,75,827.76,3/31/2024 0:06,1
2125,38300,191,2412.14,1/17/2024 0:06,1
2126,33630,67,346.23,4/14/2024 0:06,1
2127,18494,12,1305.94,6/28/2024 0:06,1
2128,22623,123,3935.74,6/5/2024 0:06,1
2129,3183,38,1078.39,3/11/2024 0:06,1
2130,18381,279,3519.42,4/24/2024 0:06,1
2131,23985,241,417.03,4/12/2024 0:06,1
2132,29984,201,1867.01,4/18/2024 0:06,1
2133,9238,178,3350.76,3/28/2024 0:06,1
2134,34463,275,1316.99,6/5/2024 0:06,1
2135,7261,112,3290.4,2/12/2024 0:06,1
2136,19270,246,2278.18,6/26/2024 0:06,1
2137,10894,173,3732.16,2/17/2024 0:06,1
2138,22443,198,441.27,6/25/2024 0:06,1
2139,48505,169,613.43,1/14/2024 0:06,1
2140,28318,36,3479.86,5/20/2024 0:06,1
2141,14027,145,4917.95,4/24/2024 0:06,1
2142,10890,255,4605.69,2/22/2024 0:06,1
2143,9310,221,4929.98,5/7/2024 0:06,1
2144,40215,75,841.72,2/12/2024 0:06,1
2145,23507,95,3840.75,6/27/2024 0:06,1
2146,17169,218,2248.32,6/2/2024 0:06,1
2147,36524,159,3620.43,4/23/2024 0:06,1
2148,14121,269,1412.1,1/22/2024 0:06,1
2149,46027,106,3366.49,1/11/2024 0:06,1
2150,13495,241,394.77,1/27/2024 0:06,1
2151,48854,23,1299.35,5/28/2024 0:06,1
2152,41958,296,3983.71,4/27/2024 0:06,1
2153,45664,297,3103.28,2/25/2024 0:06,1
2154,30735,209,1942.09,1/26/2024 0:06,1
2155,40967,117,720.25,1/6/2024 0:06,1
2156,22348,10,2182.4,4/7/2024 0:06,1
2157,8877,254,2340.67,3/8/2024 0:06,1
2159,21815,161,3082.65,3/12/2024 0:06,1
2160,6878,106,3489.74,1/21/2024 0:06,1
2161,3204,282,2894.67,1/1/2024 0:06,1
2162,26577,6,2790.21,5/28/2024 0:06,1
2163,36138,123,4233.18,5/1/2024 0:06,1
2164,49693,62,1010.98,3/24/2024 0:06,1
2165,36303,42,4144.42,2/19/2024 0:06,1
2166,27078,64,3027.93,3/3/2024 0:06,1
2167,2396,88,731.59,6/5/2024 0:06,1
2168,9451,280,1827.58,6/6/2024 0:06,1
2169,28268,102,4037.31,6/27/2024 0:06,1
2170,14644,96,2444.8,2/18/2024 0:06,1
2171,20584,41,2851.55,6/12/2024 0:06,1
2173,44275,266,2093.73,5/22/2024 0:06,1
2174,13980,147,3454.68,6/26/2024 0:06,1
2175,33971,97,3093.68,5/14/2024 0:06,1
2176,38735,230,1171.59,1/20/2024 0:06,1
2177,42119,106,3614.36,4/19/2024 0:06,1
2178,1344,71,3155.93,1/19/2024 0:06,1
2179,12524,26,3415.59,6/26/2024 0:06,1
2180,34943,90,1413.7,6/26/2024 0:06,1
2181,24826,160,2953.97,3/25/2024 0:06,1
2182,12053,13,4852.69,5/6/2024 0:06,1
2183,49883,56,5407.22,4/10/2024 0:06,1
2184,16001,114,1500.28,4/27/2024 0:06,1
2185,46593,77,1524.57,5/27/2024 0:06,1
2186,34203,49,3940.16,1/26/2024 0:06,1
2187,23098,171,3214.25,3/31/2024 0:06,1
2188,41008,16,3453.37,6/27/2024 0:06,1
2189,3779,104,2968.42,5/5/2024 0:06,1
2190,48735,12,1363.55,6/10/2024 0:06,1
2191,28973,13,4484.32,6/15/2024 0:06,1
2192,5347,2,1632.53,4/5/2024 0:06,1
2193,19586,136,465.43,6/20/2024 0:06,1
2194,30624,272,2176.08,4/28/2024 0:06,1
2196,47286,189,1904.06,6/11/2024 0:06,1
2197,22487,296,4068.93,4/29/2024 0:06,1
2198,36900,9,3056.38,4/20/2024 0:06,1
2199,11139,53,909.65,5/25/2024 0:06,1
2200,41113,128,2217.69,6/28/2024 0:06,1
2201,14113,76,1233.77,4/25/2024 0:06,1
2202,2453,223,2311.21,6/7/2024 0:06,1
2203,21974,69,3710.44,6/6/2024 0:06,1
2204,38976,56,5257.97,5/29/2024 0:06,1
2205,48386,97,3369.65,6/9/2024 0:06,1
2206,21304,121,4276.97,1/28/2024 0:06,1
2207,12870,1,1511.81,1/8/2024 0:06,1
2208,48924,93,2401.46,2/7/2024 0:06,1
2209,35214,139,3088.2,6/16/2024 0:06,1
2210,2545,70,1405.89,4/22/2024 0:06,1
2211,35737,94,2957.57,3/14/2024 0:06,1
2212,22209,201,1660.16,3/31/2024 0:06,1
2213,18799,274,3712.09,1/10/2024 0:06,1
2214,7418,210,3058.24,4/25/2024 0:06,1
2215,33970,181,3072.2,5/6/2024 0:06,1
2216,31150,232,3456.54,6/2/2024 0:06,1
